Workbook

Sheet Istruzioni
A1: Scozia 2026 — Data model dei luoghi
A2: Periodo: 2026-08-10 → 2026-08-16 · Eventi totali: 52 · Esportato dal database il 03/08/2026
A5: Come usare questo file
A7: 1) Foglio 'Luoghi (Eventi)': una riga per ogni luogo/tappa del viaggio, con tutti i campi che l'app usa. È il foglio da modificare.
A8: 2) Foglio 'Data Model': spiega ogni colonna — cosa significa, se è obbligatoria, quali valori accetta e a cosa serve nell'app.
A9: 3) Foglio 'Cosa manca': una vista rapida che segnala, per ogni tappa, quali campi utili sono ancora vuoti (rosso = manca, verde = presente).
A11: Colonne evidenziate in giallo nel foglio 'Luoghi': campi vuoti nelle colonne più importanti (Place ID Maps, sito, prezzo, orari, descrizione, giorno, ora). Non è detto che vadano tutte riempite (es. un evento facoltativo può non avere un giorno assegnato), ma vale la pena controllarle.
A13: Campi in grigio (ID, Saltato, Minuti di ritardo): gestiti dall'app, non modificare — servono solo per capire cosa NON toccare.
A15: Il più importante da completare: 'Google Maps Place ID'. Senza questo campo la tappa non compare sulla mappa e l'app non riesce a calcolare i tempi di spostamento da/verso quel luogo (né a scegliere se è in auto, a piedi o con mezzi pubblici).
A17: Una volta compilato, il file può essere usato per aggiornare il database (richiedimelo in chat: leggo questo Excel e applico le modifiche riga per riga).

Sheet Luoghi (Eventi)
A1: ID (non modificare) | B1: Giorno | C1: Categoria | D1: Nome | E1: Stato piano | F1: Ora inizio | G1: Etichetta ora inizio | H1: Ora fine | I1: Etichetta ora fine | J1: Google Maps Place ID | K1: Link Google Maps | L1: Sito web | M1: Prezzo | N1: Orari di apertura | O1: Descrizione | P1: Contatto | Q1: Dipende dal meteo | R1: Priorità | S1: Saltato (gestito dall'app) | T1: Minuti di ritardo (gestito dall'app)
A2: {=_xlfn._xlws.FILTER(Trash!AA2:AT53,Trash!AU2:AU53<>"SI","")} -> 902a25b8-6bda-4f7b-b757-717930c52c3a | B2: 46244 | C2: Trasporto | D2: Volo di arrivo LH964 (Edimburgo) | E2: Nel piano | F2: 0.96180556 | G2: arrivo previsto | H2: 0 | I2: 0 | J2: ChIJfQHjkw7Fh0gRm9WxkiUKUxk | K2: 0 | O2: Volo Lufthansa in arrivo a Edimburgo. Orario da verificare in tempo reale in caso di ritardi (integrazione con API voli prevista nell'app, non disponibile in questo foglio). | Q2: NO | R2: 0 | S2: NO | T2: 0
A3: 7f6176cc-e176-42a3-bf4e-e78e68456dc0 | B3: 46244 | C3: Alloggio | D3: DoubleTree by Hilton Edinburgh Airport | E3: Nel piano | F3: 0.97916667 | G3: check-in | H3: 0 | I3: Check-out 2026-08-11 | J3: ChIJgV8j2gXFh0gR-kpGqwUreYk | K3: https://www.google.com/maps/place/?q=place_id:ChIJgV8j2gXFh0gR-kpGqwUreYk | O3: Hotel 4 stelle a pochi minuti dall'aeroporto di Edimburgo. | P3: +44 131 519 4400 | Q3: NO | R3: 0 | S3: NO | T3: 0
A4: e7e06bff-7d52-467e-b237-48d23cb4dcbb | B4: 46245 | C4: Trasporto | D4: 4X4 Hire Scotland Ltd | E4: Nel piano | F4: 0.39583333 | G4: ritiro auto | H4: 0 | I4: 0 | J4: ChIJm05Y_ibFh0gRrPhn7koVhmQ | K4: https://www.google.com/maps/place/?q=place_id:ChIJm05Y_ibFh0gRrPhn7koVhmQ | O4: Noleggio di veicoli 4x4 vicino a Edimburgo, utile per strade rurali o sterrate. | P4: +44 131 333 5070 | Q4: NO | R4: 0 | S4: NO | T4: 0
A5: fd5b06e6-e547-44c4-bd23-9fb853b7b3cc | B5: 46245 | C5: Attività | D5: Stirling Castle | E5: Nel piano | F5: 0.44791667 | G5: 0 | H5: 0.53125 | I5: partenza | J5: ChIJp9U8KJJiiEgRZ_tBFfsEUHw | K5: https://www.google.com/maps/place/?q=place_id:ChIJp9U8KJJiiEgRZ_tBFfsEUHw | N5: 09:30-17:00 (tutti i giorni) | O5: Uno dei castelli piu importanti di Scozia, legato a Robert the Bruce e Maria Stuarda. | P5: +44 1786 450000 | Q5: SI | R5: 0 | S5: NO | T5: 0
A6: 7613017d-bee1-4011-ad76-f33713bb0aea | B6: 46245 | C6: Relax | D6: Friend of Mine (Bridge of Allan) | E6: Nel piano | F6: 0.53819444 | G6: 0 | H6: 0.57986111 | I6: partenza | J6: ChIJtVaxyOKJiEgR57BtoXBL6WM | K6: https://www.google.com/maps/place/?q=place_id:ChIJtVaxyOKJiEgR57BtoXBL6WM | L6: friendofmine.co.uk | N6: 09:00-22:00 (lun-gio/dom), 09:00-23:00 (ven-sab) | O6: Cafe-ristorante consigliato per il pranzo dopo Stirling Castle, a Bridge of Allan (pochi minuti dal castello). | P6: +44 1786 831386 | Q6: NO | R6: 0 | S6: NO | T6: 0
A7: 57cf6691-3c8c-414d-9059-b7ca5bf63532 | B7: 46245 | C7: Tappa | D7: Aviemore | E7: Nel piano | F7: 0.66319444 | G7: 0 | H7: 0.67013889 | I7: partenza, sosta breve | J7: ChIJYdwLblnxhUgRA3Kb1RzR3TM | K7: https://www.google.com/maps/place/?q=place_id:ChIJYdwLblnxhUgRA3Kb1RzR3TM | O7: Cittadina nel cuore dei Cairngorms, base per attivita outdoor. | Q7: NO | R7: 0 | S7: NO | T7: 0
A8: 2c70fab6-10f2-4ec2-b209-e98ab2668a5a | B8: 46245 | C8: Attività | D8: Cairngorms | E8: Nel piano | F8: 0.68055556 | G8: 0 | H8: 0.79166667 | I8: partenza, trekking ~2h40 + pause | J8: ChIJ7wf4EI_xhUgRUvZ6OjtXNZs | K8: https://www.google.com/maps/place/?q=place_id:ChIJ7wf4EI_xhUgRUvZ6OjtXNZs | M8: 3 £ parcheggio (Coire Cas) | N8: Sempre aperto | O8: Trekking circolare a Coire an t-Sneachda (Cairngorms), partenza dal Coire Cas Car Park (Cairngorm Mountain), vicino ad Aviemore: ~6,5 km, dislivello moderato, viste sulla parete della corrie. | Q8: SI | R8: 0 | S8: NO | T8: 0
A9: 4ef59ec3-5605-468b-9779-a309fe4a2de4 | B9: 46245 | C9: Alloggio | D9: Hillside Luxury Apartments | E9: Nel piano | F9: 0.83680556 | G9: check-in | H9: 0 | I9: 0 | J9: ChIJYSZpGWtxj0gRDjwCHR3pRfs | K9: https://www.google.com/maps/place/?q=place_id:ChIJYSZpGWtxj0gRDjwCHR3pRfs | O9: Appartamenti di lusso a Inverness con vista sul castello. | P9: +44 1463 223777 | Q9: NO | R9: 0 | S9: NO | T9: 0
A10: 800bd3a1-c691-4a28-a43d-3c3dc89c4ecf | B10: 46245 | C10: Relax | D10: The Mustard Seed Restaurant (Inverness) | E10: Nel piano | F10: 0.84375 | G10: 0 | H10: 0.88541667 | I10: partenza | J10: ChIJxaoRsVNxj0gRNxsTTBxOr2w | K10: https://www.google.com/maps/place/?q=place_id:ChIJxaoRsVNxj0gRNxsTTBxOr2w | N10: 12:00-22:00 (martedi) | O10: Ristorante sul fiume Ness, ottime viste. Cena tardiva rispetto alla finestra ideale (18:00-19:30): con il trekking del pomeriggio non e possibile arrivare prima. | P10: +44 1463 220220 | Q10: NO | R10: 0 | S10: NO | T10: 0
A11: 6c7e89f8-0ccf-4d1a-88d4-337b388ddc86 | B11: 46245 | C11: Attività | D11: Blair Athol Distillery | E11: Facoltativo | G11: 0 | H11: 0 | I11: 0 | J11: ChIJOVIM5scChkgR0ULoCyffTr8 | K11: https://www.google.com/maps/place/?q=place_id:ChIJOVIM5scChkgR0ULoCyffTr8 | N11: 10:00-19:00 (tutti i giorni) | O11: Una delle distillerie di whisky piu antiche di Scozia, a Pitlochry. (Facoltativa: con il trekking al Cairngorm il tempo si stringe.) | P11: +44 1796 482003 | Q11: NO | R11: Bassa | S11: NO | T11: 0
A12: 863adbc2-539f-49dc-9865-355946d58595 | B12: 46246 | C12: Attività | D12: Whaligoe Steps | E12: Nel piano | F12: 0.41666667 | G12: 0 | H12: 0.45833333 | I12: partenza | J12: ChIJqTrDz-LTmkgROqELD20pqWk | K12: https://www.google.com/maps/place/?q=place_id:ChIJqTrDz-LTmkgROqELD20pqWk | M12: Gratuito (offerta libera) | N12: Sempre aperto | O12: 365 gradini che scendono verso un'antica insenatura dei pescatori, ottimo punto panoramico sulla costa. | Q12: SI | R12: 0 | S12: NO | T12: 0
A13: a1ff5e48-b6e6-414a-b81b-9a2a3861698a | B13: 46246 | C13: Relax | D13: No.1 Bistro (Wick) - pranzo | E13: Nel piano | F13: 0.5 | G13: 0 | H13: 0.54166667 | I13: partenza | J13: ChIJP9l9fLXXmkgR5toM25Bxmz4 | K13: https://www.google.com/maps/place/?q=place_id:ChIJP9l9fLXXmkgR5toM25Bxmz4 | N13: 11:00-13:45 e 17:30-20:30 (mercoledi) | O13: Bistrot molto apprezzato nel centro di Wick, servizio pranzo entro le 13:45. | P13: +44 1955 602323 | Q13: NO | R13: 0 | S13: NO | T13: 0
A14: 3d40d01e-1851-4733-bcea-a14505f63754 | B14: 46246 | C14: Attività | D14: Duncansby Stacks | E14: Nel piano | F14: 0.5625 | G14: 0 | H14: 0.61458333 | I14: partenza, incl. faro | J14: ChIJE1CdVm_fmkgRFgVyZCsDn24 | K14: https://www.google.com/maps/place/?q=place_id:ChIJE1CdVm_fmkgRFgVyZCsDn24 | N14: Sempre aperto | O14: Faraglioni spettacolari vicino a John o' Groats, raggiungibili a piedi dal faro di Duncansby. | Q14: SI | R14: 0 | S14: NO | T14: 0
A15: ed33b34e-a541-46fb-98ea-43afe284fd49 | B15: 46246 | C15: Attività | D15: John o' Groats | E15: Nel piano | F15: 0.62152778 | G15: 0 | H15: 0.65277778 | I15: partenza | J15: ChIJw1K-uCLfmkgRdMW19Tfb-IY | K15: https://www.google.com/maps/place/?q=place_id:ChIJw1K-uCLfmkgRdMW19Tfb-IY | O15: Punto piu a nord-est della Scozia continentale, tappa fotografica simbolica. | Q15: SI | R15: 0 | S15: NO | T15: 0
A16: 0ee96b2a-c168-4cd4-9cf6-df38a017e074 | B16: 46246 | C16: Relax | D16: No.1 Bistro (Wick) - cena | E16: Nel piano | F16: 0.77083333 | G16: 0 | H16: 0.8125 | I16: partenza | J16: ChIJP9l9fLXXmkgR5toM25Bxmz4 | K16: https://www.google.com/maps/place/?q=place_id:ChIJP9l9fLXXmkgR5toM25Bxmz4 | N16: 11:00-13:45 e 17:30-20:30 (mercoledi) | O16: Stesso locale del pranzo, turno cena entro le 20:30. Dopo cena, ~20 min di guida fino a Beyond North Cabins. | P16: +44 1955 602323 | Q16: NO | R16: 0 | S16: NO | T16: 0
A17: 03805648-cfa7-4a7b-b880-d116aac5fa8f | B17: 46246 | C17: Alloggio | D17: Beyond North Cabins | E17: Nel piano | F17: 0.83333333 | G17: check-in | H17: 0 | I17: 0 | J17: ChIJXX_SasbdmkgRXLlpJV89vh0 | K17: https://www.google.com/maps/place/?q=place_id:ChIJXX_SasbdmkgRXLlpJV89vh0 | O17: Cabin di lusso vicino a John o' Groats, nell'estremo nord della Scozia. | P17: +44 7921 338511 | Q17: NO | R17: 0 | S17: NO | T17: 0
A18: afc84429-03d5-46ff-bca4-92460a640f4a | B18: 46247 | C18: Attività | D18: Burn of Midsand Nature Reserve | E18: Nel piano | F18: 0.34375 | G18: 0 | H18: 0.35763889 | I18: partenza | J18: ChIJ1yj1JJDFmkgRHZg48CEhWD4 | K18: https://www.google.com/maps/place/?q=place_id:ChIJ1yj1JJDFmkgRHZg48CEhWD4 | O18: Riserva naturale costiera con dune, ottima per birdwatching. | Q18: SI | R18: 0 | S18: NO | T18: 0
A19: 7db4e386-3ab2-4db3-8e30-7605ff0ecec6 | B19: 46247 | C19: Attività | D19: Peedie Sands | E19: Nel piano | F19: 0.36458333 | G19: 0 | H19: 0.39236111 | I19: partenza | J19: ChIJwalQylDDmkgR40kXTOmR1oE | K19: https://www.google.com/maps/place/?q=place_id:ChIJwalQylDDmkgR40kXTOmR1oE | N19: Sempre aperto | O19: Piccola spiaggia nascosta vicino a Thurso, raggiungibile con una breve camminata. | Q19: SI | R19: 0 | S19: NO | T19: 0
A20: f7c31396-bfd3-4d4c-9927-24199170cd62 | B20: 46247 | C20: Attività | D20: Stannergill Whisky Distillery at Castletown Mill | E20: Nel piano | F20: 0.40625 | G20: 0 | H20: 0.42708333 | I20: partenza | J20: ChIJvTCqhHXFmkgRdnCmdWAyL_4 | K20: https://www.google.com/maps/place/?q=place_id:ChIJvTCqhHXFmkgRdnCmdWAyL_4 | N20: 10:00-17:00 (tutti i giorni) | O20: Mulino storico restaurato con piccola distilleria e ristorante, vicino a Thurso. Apre alle 10:00: arrivo consigliato non prima. | P20: +44 1847 698063 | Q20: NO | R20: 0 | S20: NO | T20: 0
A21: 804a280d-1910-491f-8e97-2f5d0857d2dc | B21: 46247 | C21: Relax | D21: Red Pepper (Thurso) - pranzo | E21: Nel piano | F21: 0.5 | G21: 0 | H21: 0.54166667 | I21: partenza | J21: ChIJxXzH-Ku4mkgRtac1qTh5TPQ | K21: https://www.google.com/maps/place/?q=place_id:ChIJxXzH-Ku4mkgRtac1qTh5TPQ | N21: 12:00-14:00 e 17:00-20:30 (mercoledi) | O21: Ristorante nel centro di Thurso, dentro l'Holborn Hotel. Buoni voti, anche opzioni senza glutine. | P21: +44 1847 892771 | Q21: NO | R21: 0 | S21: NO | T21: 0
A22: ea91661e-4333-45b6-a0fe-b60ca2642c6a | B22: 46247 | C22: Attività | D22: Melvich Beach | E22: Nel piano | F22: 0.57291667 | G22: 0 | H22: 0.59375 | I22: partenza | J22: ChIJNyzcb5mmmkgRMfmr3iqK0z0 | K22: https://www.google.com/maps/place/?q=place_id:ChIJNyzcb5mmmkgRMfmr3iqK0z0 | N22: Sempre aperto | O22: Ampia spiaggia di sabbia dorata nel nord della Scozia, tranquilla e panoramica. | Q22: SI | R22: 0 | S22: NO | T22: 0
A23: 96273d44-a329-45f4-a9bd-7c6f4e6d9427 | B23: 46247 | C23: Attività | D23: Allt Chranaidh Waterfall | E23: Nel piano | F23: 0.67708333 | G23: 0 | H23: 0.70833333 | I23: partenza | J23: ChIJ4ZDPCfHVj0gRMdAk-G55TXE | K23: https://www.google.com/maps/place/?q=place_id:ChIJ4ZDPCfHVj0gRMdAk-G55TXE | N23: Sempre aperto | O23: Cascata raggiungibile con una breve camminata su sentiero sterrato, talvolta fangoso. | Q23: SI | R23: 0 | S23: NO | T23: 0
A24: f94a1f5f-1a84-41cf-9edb-4e2d22b1698c | B24: 46247 | C24: Tappa | D24: Ullapool | E24: Nel piano | F24: 0.74652778 | G24: 0 | H24: 0.79166667 | I24: partenza | J24: ChIJYbOnt_swjkgRDcjJAXOTxFk | K24: https://www.google.com/maps/place/?q=place_id:ChIJYbOnt_swjkgRDcjJAXOTxFk | O24: Cittadina portuale sulla costa nord-occidentale, imbarco dei traghetti per le Ebridi Esterne. | Q24: NO | R24: 0 | S24: NO | T24: 0
A25: 9393544e-d168-43a7-933f-36d1e99c1259 | B25: 46247 | C25: Relax | D25: Seafood Shack (Ullapool) | E25: Nel piano | F25: 0.75 | G25: 0 | H25: 0.79166667 | I25: partenza, cena | J25: ChIJqfsPNCRIjkgRQf2FZxMX0RU | K25: https://www.google.com/maps/place/?q=place_id:ChIJqfsPNCRIjkgRQf2FZxMX0RU | M25: 10-20 £ | N25: 12:00-20:00 (tutti i giorni) | O25: Chiosco di pesce molto apprezzato a Ullapool, aperto fino alle 20:00: usato qui come tappa cena, non pranzo. | Q25: NO | R25: 0 | S25: NO | T25: 0
A26: a30ce24a-88a2-4821-84a9-71e3a157bb6f | B26: 46247 | C26: Alloggio | D26: Tidal Reach | E26: Nel piano | F26: 0.93402778 | G26: check-in | H26: 0 | I26: Check-out 2026-08-15 | J26: ChIJo1hDAwCzjUgRCswRm6dW4U8 | K26: https://www.google.com/maps/place/?q=place_id:ChIJo1hDAwCzjUgRCswRm6dW4U8 | O26: Alloggio con uso cucina sull'Isola di Skye. ATTENZIONE: con le pause di guida incluse il check-in arriva a tarda sera; verificare con la struttura la possibilita di arrivo autonomo/self check-in. | Q26: NO | R26: 0 | S26: NO | T26: 0
A27: c4dd8093-bbd3-4c62-b03e-2edef1143bfc | B27: 46247 | C27: Attività | D27: Bealach na Ba | E27: Facoltativo | G27: 0 | H27: 0 | I27: 0 | J27: ChIJGVMFmBiEjkgRQyUcmylOvDU | K27: https://www.google.com/maps/place/?q=place_id:ChIJGVMFmBiEjkgRQyUcmylOvDU | O27: Strada di montagna panoramica con tornanti, una delle salite piu spettacolari della Scozia. | Q27: SI | R27: Bassa | S27: NO | T27: 0
A28: 6fd9eb47-5c76-4669-b68a-ebcd3ec98a99 | B28: 46248 | C28: Attività | D28: Old Man of Storr - Parcheggio | E28: Nel piano | F28: 0.37847222 | G28: 0 | H28: 0.46527778 | I28: fine trekking, ~2h | J28: ChIJsafGmVnNjUgR655wsjZ5LX8 | K28: https://www.google.com/maps/place/?q=place_id:ChIJsafGmVnNjUgR655wsjZ5LX8 | M28: ~8 £ / 6h | N28: Sempre aperto | O28: Trekking all'Old Man of Storr: ~3,8 km a/r, sentiero ripido nella parte finale, molto panoramico. Partenza dal parcheggio. | Q28: SI | R28: Bassa | S28: NO | T28: 0
A29: 668f0a0b-7fac-428b-8191-ef935620d85d | B29: 46248 | C29: Tappa | D29: Portree | E29: Nel piano | F29: 0.47569444 | G29: 0 | H29: 0.55208333 | I29: partenza | J29: ChIJHQfTm-EvjEgRFWk4InoLHRA | K29: https://www.google.com/maps/place/?q=place_id:ChIJHQfTm-EvjEgRFWk4InoLHRA | O29: Capoluogo dell'Isola di Skye, porto colorato e base per esplorare l'isola. | Q29: NO | R29: Media | S29: NO | T29: 0
A30: 7d41718c-a817-425c-8a78-ef8f2b088661 | B30: 46248 | C30: Relax | D30: Sea Breezes (Portree) - pranzo | E30: Nel piano | F30: 0.52083333 | G30: 0 | H30: 0.55208333 | I30: partenza | J30: ChIJw0BBvC0yjEgRNVtV9vap2a0 | K30: https://www.google.com/maps/place/?q=place_id:ChIJw0BBvC0yjEgRNVtV9vap2a0 | N30: 12:00-14:00 e 17:30-21:00 (venerdi) | O30: Ristorante di pesce molto popolare sul porto di Portree; consigliato arrivare presto, si formano code. | P30: +44 1478 612016 | Q30: NO | R30: 0 | S30: NO | T30: 0
A31: e3c65488-902d-4e60-a986-b40816371ce9 | B31: 46248 | C31: Attività | D31: Fairy Pools | E31: Nel piano | F31: 0.58680556 | G31: 0 | H31: 0.64930556 | I31: partenza | J31: ChIJEd0VoW05jEgRffGsm5G5y34 | K31: https://www.google.com/maps/place/?q=place_id:ChIJEd0VoW05jEgRffGsm5G5y34 | M31: ~8 £ parcheggio | O31: Pozze naturali di acqua cristallina raggiungibili con una camminata panoramica sull'Isola di Skye. | Q31: SI | R31: 0 | S31: NO | T31: 0
A32: ddc42bc9-c0d7-4e68-8bb7-44b6db5519cd | B32: 46248 | C32: Attività | D32: Talisker Distillery | E32: Nel piano | F32: 0.66666667 | G32: 0 | H32: 0.70833333 | I32: partenza | J32: ChIJE9KVQQI4jEgRiTTmjkiThc0 | K32: https://www.google.com/maps/place/?q=place_id:ChIJE9KVQQI4jEgRiTTmjkiThc0 | N32: 10:00-17:00 (tutti i giorni) | O32: Storica distilleria di whisky sull'Isola di Skye, affacciata sul mare. | P32: +44 1478 614308 | Q32: NO | R32: Media | S32: NO | T32: 0
A33: f7a8d379-b8a0-475e-a9a5-c0ecb53547d3 | B33: 46248 | C33: Relax | D33: The Bistro at Atholl House (Dunvegan) - cena | E33: Nel piano | F33: 0.75 | G33: 0 | H33: 0.80555556 | I33: partenza | J33: ChIJL1MQW91NjEgRyrzKxb3IWm8 | K33: https://www.google.com/maps/place/?q=place_id:ChIJL1MQW91NjEgRyrzKxb3IWm8 | N33: 17:00-19:30 (venerdi, ultimo ordine) | O33: Piccolo bistrot vicino a Tidal Reach, cucina locale. Chiude alle 19:30: prenotare in anticipo. Dopo cena, ~20 min fino a Neist Point per il tramonto. | P33: +44 1470 521810 | Q33: NO | R33: 0 | S33: NO | T33: 0
A34: 3b4f5a49-787f-46a0-9dbd-e5d3bbf4aeb9 | B34: 46248 | C34: Attività | D34: Neist Point | E34: Nel piano | F34: 0.82291667 | G34: arrivo, attesa tramonto | H34: 0.88541667 | I34: partenza | J34: ChIJGzTtLIJUjEgRqkiiM77pK1c | K34: https://www.google.com/maps/place/?q=place_id:ChIJGzTtLIJUjEgRqkiiM77pK1c | O34: Faro all'estremita occidentale di Skye, punto panoramico spettacolare sulle scogliere. | Q34: SI | R34: 0 | S34: NO | T34: 0
A35: 90c31c99-a447-40b1-8756-658ea7c53387 | B35: 46248 | C35: Attività | D35: Coral Beach | E35: Facoltativo | G35: 0 | H35: 0 | I35: 0 | J35: ChIJTVC0He2yjUgRVR5Phm_3r-A | K35: https://www.google.com/maps/place/?q=place_id:ChIJTVC0He2yjUgRVR5Phm_3r-A | O35: Spiaggia bianca formata da alghe coralline fossili, vicino a Dunvegan sull'Isola di Skye. | Q35: SI | R35: Bassa | S35: NO | T35: 0
A36: 4188832a-9c7c-467d-bcd1-500cac8d1f9b | B36: 46248 | C36: Attività | D36: Quiraing | E36: Facoltativo | G36: 0 | H36: 0 | I36: 0 | J36: ChIJ22ustw3PjUgRh-UmIClXt4E | K36: https://www.google.com/maps/place/?q=place_id:ChIJ22ustw3PjUgRh-UmIClXt4E | O36: Paesaggio roccioso surreale nel nord di Skye, percorso escursionistico panoramico. | Q36: SI | R36: Bassa | S36: NO | T36: 0
A37: 16f2b9c6-a30b-4b1c-ac0d-49105ce84c96 | B37: 46248 | C37: Attività | D37: South Skye Sea Kayak | E37: Facoltativo | G37: 0 | H37: 0 | I37: 0 | J37: ChIJ1S8tIXUfjEgRW5381Wm3lTw | K37: https://www.google.com/maps/place/?q=place_id:ChIJ1S8tIXUfjEgRW5381Wm3lTw | N37: 08:00-20:00 (tutti i giorni) | O37: Escursioni guidate in kayak lungo la costa sud dell'Isola di Skye. (Nella bozza iniziale era pensato per il pomeriggio di arrivo a Skye; con solo 2 notti su Skye e difficile trovargli spazio senza sacrificare altro. Richiede comunque prenotazione anticipata.) | P37: +44 7592 059577 | Q37: SI | R37: Bassa | S37: NO | T37: 0
A38: 59f3b529-3f34-4713-b52d-45851fc39ad2 | B38: 46248 | C38: Attività | D38: The Storr | E38: Facoltativo | G38: 0 | H38: 0 | I38: 0 | J38: ChIJl4aNAUfNjUgRFRlDXomKKGk | K38: https://www.google.com/maps/place/?q=place_id:ChIJl4aNAUfNjUgRFRlDXomKKGk | O38: Stesso trekking dell'Old Man of Storr (vedi riga 'Old Man of Storr - Parcheggio'): qui lasciato come riferimento/alternativa. | Q38: SI | R38: Bassa | S38: NO | T38: 0
A39: 6f7f80b0-8798-4cfe-8802-3fff373dc05f | B39: 46249 | C39: Attività | D39: Eilean Donan Castle | E39: Nel piano | F39: 0.41666667 | G39: 0 | H39: 0.46875 | I39: partenza | J39: ChIJjZMtqxmRjkgR02W__JeNI7M | K39: https://www.google.com/maps/place/?q=place_id:ChIJjZMtqxmRjkgR02W__JeNI7M | N39: 09:00-17:00 (tutti i giorni) | O39: Uno dei castelli piu fotografati di Scozia, su un isolotto alla confluenza di tre laghi. | P39: +44 1599 555202 | Q39: SI | R39: 0 | S39: NO | T39: 0
A40: 0b69c7ed-fbd4-4399-89b4-29ebc9a687c7 | B40: 46249 | C40: Tappa | D40: Fort William | E40: Nel piano | F40: 0.53819444 | G40: 0 | H40: 0.58333333 | I40: partenza | J40: ChIJGwMcNyMziUgRIUhUCOM-oM0 | K40: https://www.google.com/maps/place/?q=place_id:ChIJGwMcNyMziUgRIUhUCOM-oM0 | O40: Cittadina ai piedi del Ben Nevis, base per Glencoe e le Highlands occidentali. | Q40: NO | R40: 0 | S40: NO | T40: 0
A41: eb7f0bf0-a106-476f-966e-416f7fc57388 | B41: 46249 | C41: Relax | D41: The Geographer (Fort William) - pranzo | E41: Nel piano | F41: 0.54166667 | G41: 0 | H41: 0.58333333 | I41: partenza | J41: ChIJkfh3NqvMjkgRHmPixSmuz68 | K41: https://www.google.com/maps/place/?q=place_id:ChIJkfh3NqvMjkgRHmPixSmuz68 | N41: 12:00-14:00 e 17:00-21:00 (sabato) | O41: Bistrot molto ben valutato sulla via principale di Fort William. | P41: +44 1397 705011 | Q41: NO | R41: 0 | S41: NO | T41: 0
A42: d31fb753-27ba-4f02-ae93-8296823ae598 | B42: 46249 | C42: Attività | D42: Coire Gabhail (Lost Valley) | E42: Nel piano | F42: 0.60763889 | G42: 0 | H42: 0.69097222 | I42: partenza | J42: ChIJN5IGzhIwiUgRGpdPXeg0P4s | K42: https://www.google.com/maps/place/?q=place_id:ChIJN5IGzhIwiUgRGpdPXeg0P4s | O42: Valle nascosta a Glencoe, escursione con un breve tratto di arrampicata leggera. | Q42: SI | R42: 0 | S42: NO | T42: 0
A43: 6350da6e-95d5-4a4d-8e70-483723809614 | B43: 46249 | C43: Trasporto | D43: 4X4 Hire Scotland Ltd (riconsegna auto) | E43: Nel piano | F43: 0.83333333 | G43: 0.85416667 | H43: 0 | I43: 0 | J43: ChIJm05Y_ibFh0gRrPhn7koVhmQ | K43: https://www.google.com/maps/place/?q=place_id:ChIJm05Y_ibFh0gRrPhn7koVhmQ | O43: Riconsegna del veicolo a noleggio prima del rientro in aeroporto. | P43: +44 131 333 5070 | Q43: NO | R43: 0 | S43: NO | T43: 0
A44: 136faef9-d72d-4a6d-af3d-6f927881ca40 | B44: 46249 | C44: Alloggio | D44: DoubleTree by Hilton Edinburgh Airport (2a notte) | E44: Nel piano | F44: 0.86458333 | G44: check-in | H44: 0 | I44: Check-out 2026-08-16 | J44: ChIJgV8j2gXFh0gR-kpGqwUreYk | K44: https://www.google.com/maps/place/?q=place_id:ChIJgV8j2gXFh0gR-kpGqwUreYk | O44: Hotel 4 stelle a pochi minuti dall'aeroporto di Edimburgo. | P44: +44 131 519 4400 | Q44: NO | R44: 0 | S44: NO | T44: 0
A45: 2fae519e-b357-4089-9f17-d8f7c0c28980 | B45: 46249 | C45: Relax | D45: Olive & Stone (DoubleTree Edinburgh Airport) - cena | E45: Nel piano | F45: 0.86458333 | G45: 0 | H45: 0.89583333 | I45: 0 | J45: ChIJidoQ4QTFh0gR_Crunap6Oy4 | K45: 0 | N45: Aperto fino alle 22:00 | O45: Ristorante dentro il DoubleTree stesso: comodo dopo il check-in tardivo. Cena oltre la finestra ideale (18:00-19:30), inevitabile per via della riconsegna auto alle 20:00-20:30. | Q45: NO | R45: 0 | S45: NO | T45: 0
A46: f565ac90-1e9b-4b94-aada-a67e1c880796 | B46: 46250 | C46: Trasporto | D46: Volo di partenza LH2525 (Edimburgo) | E46: Nel piano | G46: da verificare | H46: 0 | I46: 0 | J46: ChIJfQHjkw7Fh0gRm9WxkiUKUxk | K46: 0 | O46: Volo Lufthansa in partenza da Edimburgo verso il rientro. | Q46: NO | R46: 0 | S46: NO | T46: 0
A47: 86527153-66ce-4294-90c9-258ac5436b3f | C47: Trasporto | D47: Aeroporto di Edimburgo | E47: Facoltativo | G47: 0 | H47: 0 | I47: 0 | J47: ChIJfQHjkw7Fh0gRm9WxkiUKUxk | K47: https://www.google.com/maps/place/?q=place_id:ChIJfQHjkw7Fh0gRm9WxkiUKUxk | O47: Aeroporto principale di Edimburgo. | P47: +44 131 357 6337 | Q47: NO | R47: Bassa | S47: NO | T47: 0
A48: ecdddca4-c0dd-4980-acbf-28355112d308 | C48: Tappa | D48: Arisaig | E48: Facoltativo | G48: 0 | H48: 0 | I48: 0 | J48: ChIJCQOLaBUCjEgRpW2J-RY7PwY | K48: https://www.google.com/maps/place/?q=place_id:ChIJCQOLaBUCjEgRpW2J-RY7PwY | O48: Villaggio costiero sulla strada per le Ebridi, punto di sosta suggestivo. | Q48: NO | R48: Bassa | S48: NO | T48: 0
A49: e7f63434-3c5e-444b-96af-0356fdeda93d | C49: Alloggio | D49: Cairn Hotel Edinburgh | E49: Facoltativo | G49: 0 | H49: 0 | I49: 0 | J49: ChIJgd0nrIvHh0gRHeP-DdKnRgw | K49: https://www.google.com/maps/place/?q=place_id:ChIJgd0nrIvHh0gRHeP-DdKnRgw | O49: Hotel centrale a Edimburgo, vicino a Calton Hill. (Alternativa di alloggio non utilizzata: per il viaggio avete confermato il DoubleTree by Hilton Edinburgh Airport.) | P49: +44 131 557 0175 | Q49: NO | R49: Bassa | S49: NO | T49: 0
A50: fc61b043-751a-402b-885b-621cbef5e838 | C50: Attività | D50: Castello di Dunnottar | E50: Facoltativo | G50: 0 | H50: 0 | I50: 0 | J50: ChIJBUM-uswdhEgRlZgNtFiu9Fc | K50: https://www.google.com/maps/place/?q=place_id:ChIJBUM-uswdhEgRlZgNtFiu9Fc | M50: ~13 £ (stimato) | N50: 09:00-18:00 (tutti i giorni) | O50: Rovine di un castello medievale su una scogliera a picco sul mare, vicino a Stonehaven. (Fuori dal percorso pianificato: si trova vicino Aberdeen, lontano dalle altre tappe.) | P50: +44 1569 766320 | Q50: SI | R50: Bassa | S50: NO | T50: 0
A51: 8731b9d3-3664-4513-92f3-a9c90ef143a0 | C51: Attività | D51: Glenfinnan Viaduct | E51: Facoltativo | G51: 0 | H51: 0 | I51: 0 | J51: ChIJtaE4NcmzjkgR5z8-41V_s_c | K51: https://www.google.com/maps/place/?q=place_id:ChIJtaE4NcmzjkgR5z8-41V_s_c | N51: Sempre aperto | O51: Viadotto ferroviario reso famoso da Harry Potter, con passaggio del treno a vapore Jacobite. | Q51: SI | R51: Bassa | S51: NO | T51: 0
A52: 2c8a00ae-b5b9-4700-b565-6405308aefcc | C52: Attività | D52: Traigh Beach | E52: Facoltativo | G52: 0 | H52: 0 | I52: 0 | J52: ChIJZX-C6YQDjEgRSOwgLqXv2xE | K52: https://www.google.com/maps/place/?q=place_id:ChIJZX-C6YQDjEgRSOwgLqXv2xE | N52: Sempre aperto | O52: Spiaggia di sabbia bianca vicino ad Arisaig, con vista sulle isole di Eigg e Rum. | Q52: SI | R52: Bassa | S52: NO | T52: 0

Sheet Data Model
A1: Campo (DB) | B1: Colonna nel foglio | C1: Tipo | D1: Obbligatorio | E1: Valori ammessi / formato | F1: A cosa serve nell'app
A2: id | B2: ID | C2: UUID | D2: Sì (auto) | E2: Generato automaticamente, non modificare/non inventare | F2: Chiave univoca dell'evento; usata per aggiornare la riga giusta nel database quando si reimporta il foglio.
A3: trip_id | B3: — | C3: UUID | D3: Sì (auto) | E3: Fisso per questo viaggio | F3: Collega l'evento al viaggio 'Scozia 2026'. Non presente nel foglio: è lo stesso per tutte le righe.
A4: day | B4: Giorno | C4: Data | D4: No | E4: AAAA-MM-GG, es. 2026-08-11 (vuoto = non ancora assegnato a un giorno) | F4: Determina in quale giornata (tab Viaggio/Calendario) compare la tappa e la mappa/percorso di quel giorno.
A5: category | B5: Categoria | C5: Enum | D5: Sì | E5: Alloggio, Volo, Pranzo, Relax, Cena, Attività, Spostamenti | F5: Sceglie icona, colore del pin sulla mappa e badge mostrato nelle liste.
A6: name | B6: Nome | C6: Testo | D6: Sì | E6: Testo libero | F6: Nome visualizzato ovunque nell'app (liste, mappa, dettaglio).
A7: status_plan | B7: Stato piano | C7: Enum | D7: Sì | E7: Nel piano, Facoltativo | F7: 'Facoltativo' = tappa opzionale che non obbliga il ricalcolo del tragitto/orari del giorno; compare comunque nell'itinerario ma non 'ancora' l'arrivo finale.
A8: start_time | B8: Ora inizio | C8: Ora | D8: No | E8: HH:MM, es. 09:30 (vuoto se non prevista un'ora precisa) | F8: Orario di arrivo/inizio usato per ordinare la giornata e calcolare i tempi di spostamento verso/dalla tappa successiva.
A9: start_time_label | B9: Etichetta ora inizio | C9: Testo | D9: No | E9: Testo libero, es. 'arrivo previsto', 'da verificare' | F9: Mostrata al posto di un orario preciso quando start_time è vuoto (es. voli, eventi non ancora confermati).
A10: end_time | B10: Ora fine | C10: Ora | D10: No | E10: HH:MM | F10: Orario di fine usato per calcolare quando si può ripartire verso la tappa successiva.
A11: end_time_label | B11: Etichetta ora fine | C11: Testo | D11: No | E11: Testo libero | F11: Etichetta testuale alternativa a end_time, se non c'è un orario preciso.
A12: maps_place_id | B12: Google Maps Place ID | C12: Testo | D12: Consigliato | E12: Place ID di Google Places (es. ChIJ...) | F12: ESSENZIALE per mappa e percorsi: senza questo campo la tappa non compare come pin e non viene calcolato il tempo di spostamento da/verso di essa.
... A22: delay_minutes | B22: Minuti di ritardo | C22: Numero | D22: Gestito dall'app | E22: Numero intero | F22: Impostato dall'utente dall'app (pulsante 'In ritardo'). Non modificare da qui.
A24: Le righe in grigio sono campi tecnici o gestiti automaticamente dall'app: non serve (e non conviene) modificarli da questo foglio.

Sheet Cosa manca
A1: Nome | B1: Categoria | C1: Giorno assegnato | D1: Ora inizio | E1: Place ID Maps | F1: Sito web | G1: Prezzo | H1: Orari apertura | I1: Descrizione | J1: Contatto | K1: Campi mancanti | L1: Elimina
A2: Volo di arrivo LH964 (Edimburgo) | B2: Trasporto | C2: 46244 | D2: 0.96180556 | E2: ChIJfQHjkw7Fh0gRm9WxkiUKUxk | I2: Volo Lufthansa in arrivo a Edimburgo. Orario da verificare in tempo reale in caso di ritardi (integrazione con API voli prevista nell'app, non disponibile in questo foglio). | K2: =COUNTBLANK(C2:J2) -> 4
A3: DoubleTree by Hilton Edinburgh Airport | B3: Alloggio | C3: 46244 | D3: 0.97916667 | E3: ChIJgV8j2gXFh0gR-kpGqwUreYk | I3: Hotel 4 stelle a pochi minuti dall'aeroporto di Edimburgo. | J3: +44 131 519 4400 | K3: =COUNTBLANK(C3:J3) -> 3
A4: 4X4 Hire Scotland Ltd | B4: Trasporto | C4: 46245 | D4: 0.39583333 | E4: ChIJm05Y_ibFh0gRrPhn7koVhmQ | I4: Noleggio di veicoli 4x4 vicino a Edimburgo, utile per strade rurali o sterrate. | J4: +44 131 333 5070 | K4: =COUNTBLANK(C4:J4) -> 3
A5: Stirling Castle | B5: Attività | C5: 46245 | D5: 0.44791667 | E5: ChIJp9U8KJJiiEgRZ_tBFfsEUHw | H5: 09:30-17:00 (tutti i giorni) | I5: Uno dei castelli piu importanti di Scozia, legato a Robert the Bruce e Maria Stuarda. | J5: +44 1786 450000 | K5: =COUNTBLANK(C5:J5) -> 2
A6: Friend of Mine (Bridge of Allan) | B6: Relax | C6: 46245 | D6: 0.53819444 | E6: ChIJtVaxyOKJiEgR57BtoXBL6WM | F6: friendofmine.co.uk | H6: 09:00-22:00 (lun-gio/dom), 09:00-23:00 (ven-sab) | I6: Cafe-ristorante consigliato per il pranzo dopo Stirling Castle, a Bridge of Allan (pochi minuti dal castello). | J6: +44 1786 831386 | K6: =COUNTBLANK(C6:J6) -> 1
A7: Aviemore | B7: Tappa | C7: 46245 | D7: 0.66319444 | E7: ChIJYdwLblnxhUgRA3Kb1RzR3TM | I7: Cittadina nel cuore dei Cairngorms, base per attivita outdoor. | K7: =COUNTBLANK(C7:J7) -> 4
A8: Cairngorms | B8: Attività | C8: 46245 | D8: 0.68055556 | E8: ChIJ7wf4EI_xhUgRUvZ6OjtXNZs | G8: 3 £ parcheggio (Coire Cas) | H8: Sempre aperto | I8: Trekking circolare a Coire an t-Sneachda (Cairngorms), partenza dal Coire Cas Car Park (Cairngorm Mountain), vicino ad Aviemore: ~6,5 km, dislivello moderato, viste sulla parete della corrie. | K8: =COUNTBLANK(C8:J8) -> 2
A9: Hillside Luxury Apartments | B9: Alloggio | C9: 46245 | D9: 0.83680556 | E9: ChIJYSZpGWtxj0gRDjwCHR3pRfs | I9: Appartamenti di lusso a Inverness con vista sul castello. | J9: +44 1463 223777 | K9: =COUNTBLANK(C9:J9) -> 3
A10: The Mustard Seed Restaurant (Inverness) | B10: Relax | C10: 46245 | D10: 0.84375 | E10: ChIJxaoRsVNxj0gRNxsTTBxOr2w | H10: 12:00-22:00 (martedi) | I10: Ristorante sul fiume Ness, ottime viste. Cena tardiva rispetto alla finestra ideale (18:00-19:30): con il trekking del pomeriggio non e possibile arrivare prima. | J10: +44 1463 220220 | K10: =COUNTBLANK(C10:J10) -> 2
A11: Blair Athol Distillery | B11: Attività | C11: 46245 | E11: ChIJOVIM5scChkgR0ULoCyffTr8 | H11: 10:00-19:00 (tutti i giorni) | I11: Una delle distillerie di whisky piu antiche di Scozia, a Pitlochry. (Facoltativa: con il trekking al Cairngorm il tempo si stringe.) | J11: +44 1796 482003 | K11: =COUNTBLANK(C11:J11) -> 3
A12: Whaligoe Steps | B12: Attività | C12: 46246 | D12: 0.41666667 | E12: ChIJqTrDz-LTmkgROqELD20pqWk | G12: Gratuito (offerta libera) | H12: Sempre aperto | I12: 365 gradini che scendono verso un'antica insenatura dei pescatori, ottimo punto panoramico sulla costa. | K12: =COUNTBLANK(C12:J12) -> 2
A13: No.1 Bistro (Wick) - pranzo | B13: Relax | C13: 46246 | D13: 0.5 | E13: ChIJP9l9fLXXmkgR5toM25Bxmz4 | H13: 11:00-13:45 e 17:30-20:30 (mercoledi) | I13: Bistrot molto apprezzato nel centro di Wick, servizio pranzo entro le 13:45. | J13: +44 1955 602323 | K13: =COUNTBLANK(C13:J13) -> 2
A14: Duncansby Stacks | B14: Attività | C14: 46246 | D14: 0.5625 | E14: ChIJE1CdVm_fmkgRFgVyZCsDn24 | H14: Sempre aperto | I14: Faraglioni spettacolari vicino a John o' Groats, raggiungibili a piedi dal faro di Duncansby. | K14: =COUNTBLANK(C14:J14) -> 3
A15: John o' Groats | B15: Attività | C15: 46246 | D15: 0.62152778 | E15: ChIJw1K-uCLfmkgRdMW19Tfb-IY | I15: Punto piu a nord-est della Scozia continentale, tappa fotografica simbolica. | K15: =COUNTBLANK(C15:J15) -> 4
A16: No.1 Bistro (Wick) - cena | B16: Relax | C16: 46246 | D16: 0.77083333 | E16: ChIJP9l9fLXXmkgR5toM25Bxmz4 | H16: 11:00-13:45 e 17:30-20:30 (mercoledi) | I16: Stesso locale del pranzo, turno cena entro le 20:30. Dopo cena, ~20 min di guida fino a Beyond North Cabins. | J16: +44 1955 602323 | K16: =COUNTBLANK(C16:J16) -> 2
A17: Beyond North Cabins | B17: Alloggio | C17: 46246 | D17: 0.83333333 | E17: ChIJXX_SasbdmkgRXLlpJV89vh0 | I17: Cabin di lusso vicino a John o' Groats, nell'estremo nord della Scozia. | J17: +44 7921 338511 | K17: =COUNTBLANK(C17:J17) -> 3
A18: Annie's Bakery | B18: Relax | C18: 46246 | E18: ChIJjf21ygDXmkgRXbCWDg3cStM | H18: Mer/Gio/Ven/Dom 10:00-14:00 (chiuso Lun/Mar/Sab) | I18: Panetteria vicino John o' Groats. NON compatibile con l'orario pranzo/cena: chiude alle 14:00 il mercoledi, troppo presto per il programma della giornata. | J18: +44 1955 611497 | K18: =COUNTBLANK(C18:J18) -> 3 | L18: SI
A19: Burn of Midsand Nature Reserve | B19: Attività | C19: 46247 | D19: 0.34375 | E19: ChIJ1yj1JJDFmkgRHZg48CEhWD4 | I19: Riserva naturale costiera con dune, ottima per birdwatching. | K19: =COUNTBLANK(C19:J19) -> 4
A20: Peedie Sands | B20: Attività | C20: 46247 | D20: 0.36458333 | E20: ChIJwalQylDDmkgR40kXTOmR1oE | H20: Sempre aperto | I20: Piccola spiaggia nascosta vicino a Thurso, raggiungibile con una breve camminata. | K20: =COUNTBLANK(C20:J20) -> 3
A21: Stannergill Whisky Distillery at Castletown Mill | B21: Attività | C21: 46247 | D21: 0.40625 | E21: ChIJvTCqhHXFmkgRdnCmdWAyL_4 | H21: 10:00-17:00 (tutti i giorni) | I21: Mulino storico restaurato con piccola distilleria e ristorante, vicino a Thurso. Apre alle 10:00: arrivo consigliato non prima. | J21: +44 1847 698063 | K21: =COUNTBLANK(C21:J21) -> 2
A22: Red Pepper (Thurso) - pranzo | B22: Relax | C22: 46247 | D22: 0.5 | E22: ChIJxXzH-Ku4mkgRtac1qTh5TPQ | H22: 12:00-14:00 e 17:00-20:30 (mercoledi) | I22: Ristorante nel centro di Thurso, dentro l'Holborn Hotel. Buoni voti, anche opzioni senza glutine. | J22: +44 1847 892771 | K22: =COUNTBLANK(C22:J22) -> 2
A23: Melvich Beach | B23: Attività | C23: 46247 | D23: 0.57291667 | E23: ChIJNyzcb5mmmkgRMfmr3iqK0z0 | H23: Sempre aperto | I23: Ampia spiaggia di sabbia dorata nel nord della Scozia, tranquilla e panoramica. | K23: =COUNTBLANK(C23:J23) -> 3
A24: Allt Chranaidh Waterfall | B24: Attività | C24: 46247 | D24: 0.67708333 | E24: ChIJ4ZDPCfHVj0gRMdAk-G55TXE | H24: Sempre aperto | I24: Cascata raggiungibile con una breve camminata su sentiero sterrato, talvolta fangoso. | K24: =COUNTBLANK(C24:J24) -> 3
A25: Ullapool | B25: Tappa | C25: 46247 | D25: 0.74652778 | E25: ChIJYbOnt_swjkgRDcjJAXOTxFk | I25: Cittadina portuale sulla costa nord-occidentale, imbarco dei traghetti per le Ebridi Esterne. | K25: =COUNTBLANK(C25:J25) -> 4
A26: Seafood Shack (Ullapool) | B26: Relax | C26: 46247 | D26: 0.75 | E26: ChIJqfsPNCRIjkgRQf2FZxMX0RU | G26: 10-20 £ | H26: 12:00-20:00 (tutti i giorni) | I26: Chiosco di pesce molto apprezzato a Ullapool, aperto fino alle 20:00: usato qui come tappa cena, non pranzo. | K26: =COUNTBLANK(C26:J26) -> 2
A27: Tidal Reach | B27: Alloggio | C27: 46247 | D27: 0.93402778 | E27: ChIJo1hDAwCzjUgRCswRm6dW4U8 | I27: Alloggio con uso cucina sull'Isola di Skye. ATTENZIONE: con le pause di guida incluse il check-in arriva a tarda sera; verificare con la struttura la possibilita di arrivo autonomo/self check-in. | K27: =COUNTBLANK(C27:J27) -> 4
A28: Bealach na Ba | B28: Attività | C28: 46247 | E28: ChIJGVMFmBiEjkgRQyUcmylOvDU | I28: Strada di montagna panoramica con tornanti, una delle salite piu spettacolari della Scozia. | K28: =COUNTBLANK(C28:J28) -> 5
A29: Old Man of Storr - Parcheggio | B29: Attività | C29: 46248 | D29: 0.37847222 | E29: ChIJsafGmVnNjUgR655wsjZ5LX8 | G29: ~8 £ / 6h | H29: Sempre aperto | I29: Trekking all'Old Man of Storr: ~3,8 km a/r, sentiero ripido nella parte finale, molto panoramico. Partenza dal parcheggio. | K29: =COUNTBLANK(C29:J29) -> 2
A30: Portree | B30: Tappa | C30: 46248 | D30: 0.47569444 | E30: ChIJHQfTm-EvjEgRFWk4InoLHRA | I30: Capoluogo dell'Isola di Skye, porto colorato e base per esplorare l'isola. | K30: =COUNTBLANK(C30:J30) -> 4
A31: Sea Breezes (Portree) - pranzo | B31: Relax | C31: 46248 | D31: 0.52083333 | E31: ChIJw0BBvC0yjEgRNVtV9vap2a0 | H31: 12:00-14:00 e 17:30-21:00 (venerdi) | I31: Ristorante di pesce molto popolare sul porto di Portree; consigliato arrivare presto, si formano code. | J31: +44 1478 612016 | K31: =COUNTBLANK(C31:J31) -> 2
A32: Fairy Pools | B32: Attività | C32: 46248 | D32: 0.58680556 | E32: ChIJEd0VoW05jEgRffGsm5G5y34 | G32: ~8 £ parcheggio | I32: Pozze naturali di acqua cristallina raggiungibili con una camminata panoramica sull'Isola di Skye. | K32: =COUNTBLANK(C32:J32) -> 3
A33: Talisker Distillery | B33: Attività | C33: 46248 | D33: 0.66666667 | E33: ChIJE9KVQQI4jEgRiTTmjkiThc0 | H33: 10:00-17:00 (tutti i giorni) | I33: Storica distilleria di whisky sull'Isola di Skye, affacciata sul mare. | J33: +44 1478 614308 | K33: =COUNTBLANK(C33:J33) -> 2
A34: The Bistro at Atholl House (Dunvegan) - cena | B34: Relax | C34: 46248 | D34: 0.75 | E34: ChIJL1MQW91NjEgRyrzKxb3IWm8 | H34: 17:00-19:30 (venerdi, ultimo ordine) | I34: Piccolo bistrot vicino a Tidal Reach, cucina locale. Chiude alle 19:30: prenotare in anticipo. Dopo cena, ~20 min fino a Neist Point per il tramonto. | J34: +44 1470 521810 | K34: =COUNTBLANK(C34:J34) -> 2
A35: Neist Point | B35: Attività | C35: 46248 | D35: 0.82291667 | E35: ChIJGzTtLIJUjEgRqkiiM77pK1c | I35: Faro all'estremita occidentale di Skye, punto panoramico spettacolare sulle scogliere. | K35: =COUNTBLANK(C35:J35) -> 4
A36: Coral Beach | B36: Attività | C36: 46248 | E36: ChIJTVC0He2yjUgRVR5Phm_3r-A | I36: Spiaggia bianca formata da alghe coralline fossili, vicino a Dunvegan sull'Isola di Skye. | K36: =COUNTBLANK(C36:J36) -> 5
A37: Quiraing | B37: Attività | C37: 46248 | E37: ChIJ22ustw3PjUgRh-UmIClXt4E | I37: Paesaggio roccioso surreale nel nord di Skye, percorso escursionistico panoramico. | K37: =COUNTBLANK(C37:J37) -> 5
A38: South Skye Sea Kayak | B38: Attività | C38: 46248 | E38: ChIJ1S8tIXUfjEgRW5381Wm3lTw | H38: 08:00-20:00 (tutti i giorni) | I38: Escursioni guidate in kayak lungo la costa sud dell'Isola di Skye. (Nella bozza iniziale era pensato per il pomeriggio di arrivo a Skye; con solo 2 notti su Skye e difficile trovargli spazio senza sacrificare altro. Richiede comunque prenotazione anticipata.) | J38: +44 7592 059577 | K38: =COUNTBLANK(C38:J38) -> 3
A39: The Storr | B39: Attività | C39: 46248 | E39: ChIJl4aNAUfNjUgRFRlDXomKKGk | I39: Stesso trekking dell'Old Man of Storr (vedi riga 'Old Man of Storr - Parcheggio'): qui lasciato come riferimento/alternativa. | K39: =COUNTBLANK(C39:J39) -> 5
A40: Eilean Donan Castle | B40: Attività | C40: 46249 | D40: 0.41666667 | E40: ChIJjZMtqxmRjkgR02W__JeNI7M | H40: 09:00-17:00 (tutti i giorni) | I40: Uno dei castelli piu fotografati di Scozia, su un isolotto alla confluenza di tre laghi. | J40: +44 1599 555202 | K40: =COUNTBLANK(C40:J40) -> 2
A41: Fort William | B41: Tappa | C41: 46249 | D41: 0.53819444 | E41: ChIJGwMcNyMziUgRIUhUCOM-oM0 | I41: Cittadina ai piedi del Ben Nevis, base per Glencoe e le Highlands occidentali. | K41: =COUNTBLANK(C41:J41) -> 4
A42: The Geographer (Fort William) - pranzo | B42: Relax | C42: 46249 | D42: 0.54166667 | E42: ChIJkfh3NqvMjkgRHmPixSmuz68 | H42: 12:00-14:00 e 17:00-21:00 (sabato) | I42: Bistrot molto ben valutato sulla via principale di Fort William. | J42: +44 1397 705011 | K42: =COUNTBLANK(C42:J42) -> 2
A43: Coire Gabhail (Lost Valley) | B43: Attività | C43: 46249 | D43: 0.60763889 | E43: ChIJN5IGzhIwiUgRGpdPXeg0P4s | I43: Valle nascosta a Glencoe, escursione con un breve tratto di arrampicata leggera. | K43: =COUNTBLANK(C43:J43) -> 4
A44: 4X4 Hire Scotland Ltd (riconsegna auto) | B44: Trasporto | C44: 46249 | D44: 0.83333333 | E44: ChIJm05Y_ibFh0gRrPhn7koVhmQ | I44: Riconsegna del veicolo a noleggio prima del rientro in aeroporto. | J44: +44 131 333 5070 | K44: =COUNTBLANK(C44:J44) -> 3
A45: DoubleTree by Hilton Edinburgh Airport (2a notte) | B45: Alloggio | C45: 46249 | D45: 0.86458333 | E45: ChIJgV8j2gXFh0gR-kpGqwUreYk | I45: Hotel 4 stelle a pochi minuti dall'aeroporto di Edimburgo. | J45: +44 131 519 4400 | K45: =COUNTBLANK(C45:J45) -> 3
A46: Olive & Stone (DoubleTree Edinburgh Airport) - cena | B46: Relax | C46: 46249 | D46: 0.86458333 | E46: ChIJidoQ4QTFh0gR_Crunap6Oy4 | H46: Aperto fino alle 22:00 | I46: Ristorante dentro il DoubleTree stesso: comodo dopo il check-in tardivo. Cena oltre la finestra ideale (18:00-19:30), inevitabile per via della riconsegna auto alle 20:00-20:30. | K46: =COUNTBLANK(C46:J46) -> 3
A47: Volo di partenza LH2525 (Edimburgo) | B47: Trasporto | C47: 46250 | E47: ChIJfQHjkw7Fh0gRm9WxkiUKUxk | I47: Volo Lufthansa in partenza da Edimburgo verso il rientro. | K47: =COUNTBLANK(C47:J47) -> 5
A48: Aeroporto di Edimburgo | B48: Trasporto | E48: ChIJfQHjkw7Fh0gRm9WxkiUKUxk | I48: Aeroporto principale di Edimburgo. | J48: +44 131 357 6337 | K48: =COUNTBLANK(C48:J48) -> 5
A49: Arisaig | B49: Tappa | E49: ChIJCQOLaBUCjEgRpW2J-RY7PwY | I49: Villaggio costiero sulla strada per le Ebridi, punto di sosta suggestivo. | K49: =COUNTBLANK(C49:J49) -> 6
A50: Cairn Hotel Edinburgh | B50: Alloggio | E50: ChIJgd0nrIvHh0gRHeP-DdKnRgw | I50: Hotel centrale a Edimburgo, vicino a Calton Hill. (Alternativa di alloggio non utilizzata: per il viaggio avete confermato il DoubleTree by Hilton Edinburgh Airport.) | J50: +44 131 557 0175 | K50: =COUNTBLANK(C50:J50) -> 5
A51: Castello di Dunnottar | B51: Attività | E51: ChIJBUM-uswdhEgRlZgNtFiu9Fc | G51: ~13 £ (stimato) | H51: 09:00-18:00 (tutti i giorni) | I51: Rovine di un castello medievale su una scogliera a picco sul mare, vicino a Stonehaven. (Fuori dal percorso pianificato: si trova vicino Aberdeen, lontano dalle altre tappe.) | J51: +44 1569 766320 | K51: =COUNTBLANK(C51:J51) -> 3
A52: Glenfinnan Viaduct | B52: Attività | E52: ChIJtaE4NcmzjkgR5z8-41V_s_c | H52: Sempre aperto | I52: Viadotto ferroviario reso famoso da Harry Potter, con passaggio del treno a vapore Jacobite. | K52: =COUNTBLANK(C52:J52) -> 5
A53: Traigh Beach | B53: Attività | E53: ChIJZX-C6YQDjEgRSOwgLqXv2xE | H53: Sempre aperto | I53: Spiaggia di sabbia bianca vicino ad Arisaig, con vista sulle isole di Eigg e Rum. | K53: =COUNTBLANK(C53:J53) -> 5
A55: Compila i campi in C:J. Per eliminare un evento, seleziona SI nella colonna L: sparirà da 'Luoghi (Eventi)' e comparirà in 'Trash' con tutti i dettagli. Per ripristinarlo, cancella SI.

Sheet Trash
A1: ID (non modificare) | B1: Giorno | C1: Categoria | D1: Nome | E1: Stato piano | F1: Ora inizio | G1: Etichetta ora inizio | H1: Ora fine | I1: Etichetta ora fine | J1: Google Maps Place ID | K1: Link Google Maps | L1: Sito web | M1: Prezzo | N1: Orari di apertura | O1: Descrizione | P1: Contatto | Q1: Dipende dal meteo | R1: Priorità | S1: Saltato (gestito dall'app) | T1: Minuti di ritardo (gestito dall'app) | U1: Eliminato | AA1: ID (non modificare) | AB1: Giorno | AC1: Categoria | AD1: Nome | AE1: Stato piano | AF1: Ora inizio | AG1: Etichetta ora inizio | AH1: Ora fine | AI1: Etichetta ora fine | AJ1: Google Maps Place ID | AK1: Link Google Maps | AL1: Sito web | AM1: Prezzo | AN1: Orari di apertura | AO1: Descrizione | AP1: Contatto | AQ1: Dipende dal meteo | AR1: Priorità | AS1: Saltato (gestito dall'app) | AT1: Minuti di ritardo (gestito dall'app) | AU1: Eliminato
A2: {=_xlfn._xlws.FILTER(AA2:AU53,AU2:AU53="SI","Nessun evento nel cestino")} -> 764e75ff-176c-44fe-8993-32e141724da9 | B2: 46246 | C2: Relax | D2: Annie's Bakery | E2: Facoltativo | G2: 0 | H2: 0 | I2: 0 | J2: ChIJjf21ygDXmkgRXbCWDg3cStM | K2: https://www.google.com/maps/place/?q=place_id:ChIJjf21ygDXmkgRXbCWDg3cStM | N2: Mer/Gio/Ven/Dom 10:00-14:00 (chiuso Lun/Mar/Sab) | O2: Panetteria vicino John o' Groats. NON compatibile con l'orario pranzo/cena: chiude alle 14:00 il mercoledi, troppo presto per il programma della giornata. | P2: +44 1955 611497 | Q2: NO | R2: Bassa | S2: NO | T2: 0 | U2: SI | AA2: 902a25b8-6bda-4f7b-b757-717930c52c3a | AB2: =IF('Cosa manca'!C2="","",'Cosa manca'!C2) -> 46244 | AC2: =IF('Cosa manca'!B2="","",'Cosa manca'!B2) -> Trasporto | AD2: =IF('Cosa manca'!A2="","",'Cosa manca'!A2) -> Volo di arrivo LH964 (Edimburgo) | AE2: Nel piano | AF2: =IF('Cosa manca'!D2="","",'Cosa manca'!D2) -> 0.96180556 | AG2: arrivo previsto | AJ2: =IF('Cosa manca'!E2="","",'Cosa manca'!E2) -> ChIJfQHjkw7Fh0gRm9WxkiUKUxk | AL2: =IF('Cosa manca'!F2="","",'Cosa manca'!F2) | AM2: =IF('Cosa manca'!G2="","",'Cosa manca'!G2) | AN2: =IF('Cosa manca'!H2="","",'Cosa manca'!H2) | AO2: =IF('Cosa manca'!I2="","",'Cosa manca'!I2) -> Volo Lufthansa in arrivo a Edimburgo. Orario da verificare in tempo reale in caso di ritardi (integrazione con API voli prevista nell'app, non disponibile in questo foglio). | AP2: =IF('Cosa manca'!J2="","",'Cosa manca'!J2) | AQ2: NO | AS2: NO | AT2: 0 | AU2: =IF('Cosa manca'!L2="SI","SI","")
AA3: 7f6176cc-e176-42a3-bf4e-e78e68456dc0 | AB3: =IF('Cosa manca'!C3="","",'Cosa manca'!C3) -> 46244 | AC3: =IF('Cosa manca'!B3="","",'Cosa manca'!B3) -> Alloggio | AD3: =IF('Cosa manca'!A3="","",'Cosa manca'!A3) -> DoubleTree by Hilton Edinburgh Airport | AE3: Nel piano | AF3: =IF('Cosa manca'!D3="","",'Cosa manca'!D3) -> 0.97916667 | AG3: check-in | AI3: Check-out 2026-08-11 | AJ3: =IF('Cosa manca'!E3="","",'Cosa manca'!E3) -> ChIJgV8j2gXFh0gR-kpGqwUreYk | AK3: https://www.google.com/maps/place/?q=place_id:ChIJgV8j2gXFh0gR-kpGqwUreYk | AL3: =IF('Cosa manca'!F3="","",'Cosa manca'!F3) | AM3: =IF('Cosa manca'!G3="","",'Cosa manca'!G3) | AN3: =IF('Cosa manca'!H3="","",'Cosa manca'!H3) | AO3: =IF('Cosa manca'!I3="","",'Cosa manca'!I3) -> Hotel 4 stelle a pochi minuti dall'aeroporto di Edimburgo. | AP3: =IF('Cosa manca'!J3="","",'Cosa manca'!J3) -> +44 131 519 4400 | AQ3: NO | AS3: NO | AT3: 0 | AU3: =IF('Cosa manca'!L3="SI","SI","")
AA4: e7e06bff-7d52-467e-b237-48d23cb4dcbb | AB4: =IF('Cosa manca'!C4="","",'Cosa manca'!C4) -> 46245 | AC4: =IF('Cosa manca'!B4="","",'Cosa manca'!B4) -> Trasporto | AD4: =IF('Cosa manca'!A4="","",'Cosa manca'!A4) -> 4X4 Hire Scotland Ltd | AE4: Nel piano | AF4: =IF('Cosa manca'!D4="","",'Cosa manca'!D4) -> 0.39583333 | AG4: ritiro auto | AJ4: =IF('Cosa manca'!E4="","",'Cosa manca'!E4) -> ChIJm05Y_ibFh0gRrPhn7koVhmQ | AK4: https://www.google.com/maps/place/?q=place_id:ChIJm05Y_ibFh0gRrPhn7koVhmQ | AL4: =IF('Cosa manca'!F4="","",'Cosa manca'!F4) | AM4: =IF('Cosa manca'!G4="","",'Cosa manca'!G4) | AN4: =IF('Cosa manca'!H4="","",'Cosa manca'!H4) | AO4: =IF('Cosa manca'!I4="","",'Cosa manca'!I4) -> Noleggio di veicoli 4x4 vicino a Edimburgo, utile per strade rurali o sterrate. | AP4: =IF('Cosa manca'!J4="","",'Cosa manca'!J4) -> +44 131 333 5070 | AQ4: NO | AS4: NO | AT4: 0 | AU4: =IF('Cosa manca'!L4="SI","SI","")
AA5: fd5b06e6-e547-44c4-bd23-9fb853b7b3cc | AB5: =IF('Cosa manca'!C5="","",'Cosa manca'!C5) -> 46245 | AC5: =IF('Cosa manca'!B5="","",'Cosa manca'!B5) -> Attività | AD5: =IF('Cosa manca'!A5="","",'Cosa manca'!A5) -> Stirling Castle | AE5: Nel piano | AF5: =IF('Cosa manca'!D5="","",'Cosa manca'!D5) -> 0.44791667 | AH5: 0.53125 | AI5: partenza | AJ5: =IF('Cosa manca'!E5="","",'Cosa manca'!E5) -> ChIJp9U8KJJiiEgRZ_tBFfsEUHw | AK5: https://www.google.com/maps/place/?q=place_id:ChIJp9U8KJJiiEgRZ_tBFfsEUHw | AL5: =IF('Cosa manca'!F5="","",'Cosa manca'!F5) | AM5: =IF('Cosa manca'!G5="","",'Cosa manca'!G5) | AN5: =IF('Cosa manca'!H5="","",'Cosa manca'!H5) -> 09:30-17:00 (tutti i giorni) | AO5: =IF('Cosa manca'!I5="","",'Cosa manca'!I5) -> Uno dei castelli piu importanti di Scozia, legato a Robert the Bruce e Maria Stuarda. | AP5: =IF('Cosa manca'!J5="","",'Cosa manca'!J5) -> +44 1786 450000 | AQ5: SI | AS5: NO | AT5: 0 | AU5: =IF('Cosa manca'!L5="SI","SI","")
AA6: 7613017d-bee1-4011-ad76-f33713bb0aea | AB6: =IF('Cosa manca'!C6="","",'Cosa manca'!C6) -> 46245 | AC6: =IF('Cosa manca'!B6="","",'Cosa manca'!B6) -> Relax | AD6: =IF('Cosa manca'!A6="","",'Cosa manca'!A6) -> Friend of Mine (Bridge of Allan) | AE6: Nel piano | AF6: =IF('Cosa manca'!D6="","",'Cosa manca'!D6) -> 0.53819444 | AH6: 0.57986111 | AI6: partenza | AJ6: =IF('Cosa manca'!E6="","",'Cosa manca'!E6) -> ChIJtVaxyOKJiEgR57BtoXBL6WM | AK6: https://www.google.com/maps/place/?q=place_id:ChIJtVaxyOKJiEgR57BtoXBL6WM | AL6: =IF('Cosa manca'!F6="","",'Cosa manca'!F6) -> friendofmine.co.uk | AM6: =IF('Cosa manca'!G6="","",'Cosa manca'!G6) | AN6: =IF('Cosa manca'!H6="","",'Cosa manca'!H6) -> 09:00-22:00 (lun-gio/dom), 09:00-23:00 (ven-sab) | AO6: =IF('Cosa manca'!I6="","",'Cosa manca'!I6) -> Cafe-ristorante consigliato per il pranzo dopo Stirling Castle, a Bridge of Allan (pochi minuti dal castello). | AP6: =IF('Cosa manca'!J6="","",'Cosa manca'!J6) -> +44 1786 831386 | AQ6: NO | AS6: NO | AT6: 0 | AU6: =IF('Cosa manca'!L6="SI","SI","")
AA7: 57cf6691-3c8c-414d-9059-b7ca5bf63532 | AB7: =IF('Cosa manca'!C7="","",'Cosa manca'!C7) -> 46245 | AC7: =IF('Cosa manca'!B7="","",'Cosa manca'!B7) -> Tappa | AD7: =IF('Cosa manca'!A7="","",'Cosa manca'!A7) -> Aviemore | AE7: Nel piano | AF7: =IF('Cosa manca'!D7="","",'Cosa manca'!D7) -> 0.66319444 | AH7: 0.67013889 | AI7: partenza, sosta breve | AJ7: =IF('Cosa manca'!E7="","",'Cosa manca'!E7) -> ChIJYdwLblnxhUgRA3Kb1RzR3TM | AK7: https://www.google.com/maps/place/?q=place_id:ChIJYdwLblnxhUgRA3Kb1RzR3TM | AL7: =IF('Cosa manca'!F7="","",'Cosa manca'!F7) | AM7: =IF('Cosa manca'!G7="","",'Cosa manca'!G7) | AN7: =IF('Cosa manca'!H7="","",'Cosa manca'!H7) | AO7: =IF('Cosa manca'!I7="","",'Cosa manca'!I7) -> Cittadina nel cuore dei Cairngorms, base per attivita outdoor. | AP7: =IF('Cosa manca'!J7="","",'Cosa manca'!J7) | AQ7: NO | AS7: NO | AT7: 0 | AU7: =IF('Cosa manca'!L7="SI","SI","")
AA8: 2c70fab6-10f2-4ec2-b209-e98ab2668a5a | AB8: =IF('Cosa manca'!C8="","",'Cosa manca'!C8) -> 46245 | AC8: =IF('Cosa manca'!B8="","",'Cosa manca'!B8) -> Attività | AD8: =IF('Cosa manca'!A8="","",'Cosa manca'!A8) -> Cairngorms | AE8: Nel piano | AF8: =IF('Cosa manca'!D8="","",'Cosa manca'!D8) -> 0.68055556 | AH8: 0.79166667 | AI8: partenza, trekking ~2h40 + pause | AJ8: =IF('Cosa manca'!E8="","",'Cosa manca'!E8) -> ChIJ7wf4EI_xhUgRUvZ6OjtXNZs | AK8: https://www.google.com/maps/place/?q=place_id:ChIJ7wf4EI_xhUgRUvZ6OjtXNZs | AL8: =IF('Cosa manca'!F8="","",'Cosa manca'!F8) | AM8: =IF('Cosa manca'!G8="","",'Cosa manca'!G8) -> 3 £ parcheggio (Coire Cas) | AN8: =IF('Cosa manca'!H8="","",'Cosa manca'!H8) -> Sempre aperto | AO8: =IF('Cosa manca'!I8="","",'Cosa manca'!I8) -> Trekking circolare a Coire an t-Sneachda (Cairngorms), partenza dal Coire Cas Car Park (Cairngorm Mountain), vicino ad Aviemore: ~6,5 km, dislivello moderato, viste sulla parete della corrie. | AP8: =IF('Cosa manca'!J8="","",'Cosa manca'!J8) | AQ8: SI | AS8: NO | AT8: 0 | AU8: =IF('Cosa manca'!L8="SI","SI","")
AA9: 4ef59ec3-5605-468b-9779-a309fe4a2de4 | AB9: =IF('Cosa manca'!C9="","",'Cosa manca'!C9) -> 46245 | AC9: =IF('Cosa manca'!B9="","",'Cosa manca'!B9) -> Alloggio | AD9: =IF('Cosa manca'!A9="","",'Cosa manca'!A9) -> Hillside Luxury Apartments | AE9: Nel piano | AF9: =IF('Cosa manca'!D9="","",'Cosa manca'!D9) -> 0.83680556 | AG9: check-in | AJ9: =IF('Cosa manca'!E9="","",'Cosa manca'!E9) -> ChIJYSZpGWtxj0gRDjwCHR3pRfs | AK9: https://www.google.com/maps/place/?q=place_id:ChIJYSZpGWtxj0gRDjwCHR3pRfs | AL9: =IF('Cosa manca'!F9="","",'Cosa manca'!F9) | AM9: =IF('Cosa manca'!G9="","",'Cosa manca'!G9) | AN9: =IF('Cosa manca'!H9="","",'Cosa manca'!H9) | AO9: =IF('Cosa manca'!I9="","",'Cosa manca'!I9) -> Appartamenti di lusso a Inverness con vista sul castello. | AP9: =IF('Cosa manca'!J9="","",'Cosa manca'!J9) -> +44 1463 223777 | AQ9: NO | AS9: NO | AT9: 0 | AU9: =IF('Cosa manca'!L9="SI","SI","")
AA10: 800bd3a1-c691-4a28-a43d-3c3dc89c4ecf | AB10: =IF('Cosa manca'!C10="","",'Cosa manca'!C10) -> 46245 | AC10: =IF('Cosa manca'!B10="","",'Cosa manca'!B10) -> Relax | AD10: =IF('Cosa manca'!A10="","",'Cosa manca'!A10) -> The Mustard Seed Restaurant (Inverness) | AE10: Nel piano | AF10: =IF('Cosa manca'!D10="","",'Cosa manca'!D10) -> 0.84375 | AH10: 0.88541667 | AI10: partenza | AJ10: =IF('Cosa manca'!E10="","",'Cosa manca'!E10) -> ChIJxaoRsVNxj0gRNxsTTBxOr2w | AK10: https://www.google.com/maps/place/?q=place_id:ChIJxaoRsVNxj0gRNxsTTBxOr2w | AL10: =IF('Cosa manca'!F10="","",'Cosa manca'!F10) | AM10: =IF('Cosa manca'!G10="","",'Cosa manca'!G10) | AN10: =IF('Cosa manca'!H10="","",'Cosa manca'!H10) -> 12:00-22:00 (martedi) | AO10: =IF('Cosa manca'!I10="","",'Cosa manca'!I10) -> Ristorante sul fiume Ness, ottime viste. Cena tardiva rispetto alla finestra ideale (18:00-19:30): con il trekking del pomeriggio non e possibile arrivare prima. | AP10: =IF('Cosa manca'!J10="","",'Cosa manca'!J10) -> +44 1463 220220 | AQ10: NO | AS10: NO | AT10: 0 | AU10: =IF('Cosa manca'!L10="SI","SI","")
AA11: 6c7e89f8-0ccf-4d1a-88d4-337b388ddc86 | AB11: =IF('Cosa manca'!C11="","",'Cosa manca'!C11) -> 46245 | AC11: =IF('Cosa manca'!B11="","",'Cosa manca'!B11) -> Attività | AD11: =IF('Cosa manca'!A11="","",'Cosa manca'!A11) -> Blair Athol Distillery | AE11: Facoltativo | AF11: =IF('Cosa manca'!D11="","",'Cosa manca'!D11) | AJ11: =IF('Cosa manca'!E11="","",'Cosa manca'!E11) -> ChIJOVIM5scChkgR0ULoCyffTr8 | AK11: https://www.google.com/maps/place/?q=place_id:ChIJOVIM5scChkgR0ULoCyffTr8 | AL11: =IF('Cosa manca'!F11="","",'Cosa manca'!F11) | AM11: =IF('Cosa manca'!G11="","",'Cosa manca'!G11) | AN11: =IF('Cosa manca'!H11="","",'Cosa manca'!H11) -> 10:00-19:00 (tutti i giorni) | AO11: =IF('Cosa manca'!I11="","",'Cosa manca'!I11) -> Una delle distillerie di whisky piu antiche di Scozia, a Pitlochry. (Facoltativa: con il trekking al Cairngorm il tempo si stringe.) | AP11: =IF('Cosa manca'!J11="","",'Cosa manca'!J11) -> +44 1796 482003 | AQ11: NO | AR11: Bassa | AS11: NO | AT11: 0 | AU11: =IF('Cosa manca'!L11="SI","SI","")
AA12: 863adbc2-539f-49dc-9865-355946d58595 | AB12: =IF('Cosa manca'!C12="","",'Cosa manca'!C12) -> 46246 | AC12: =IF('Cosa manca'!B12="","",'Cosa manca'!B12) -> Attività | AD12: =IF('Cosa manca'!A12="","",'Cosa manca'!A12) -> Whaligoe Steps | AE12: Nel piano | AF12: =IF('Cosa manca'!D12="","",'Cosa manca'!D12) -> 0.41666667 | AH12: 0.45833333 | AI12: partenza | AJ12: =IF('Cosa manca'!E12="","",'Cosa manca'!E12) -> ChIJqTrDz-LTmkgROqELD20pqWk | AK12: https://www.google.com/maps/place/?q=place_id:ChIJqTrDz-LTmkgROqELD20pqWk | AL12: =IF('Cosa manca'!F12="","",'Cosa manca'!F12) | AM12: =IF('Cosa manca'!G12="","",'Cosa manca'!G12) -> Gratuito (offerta libera) | AN12: =IF('Cosa manca'!H12="","",'Cosa manca'!H12) -> Sempre aperto | AO12: =IF('Cosa manca'!I12="","",'Cosa manca'!I12) -> 365 gradini che scendono verso un'antica insenatura dei pescatori, ottimo punto panoramico sulla costa. | AP12: =IF('Cosa manca'!J12="","",'Cosa manca'!J12) | AQ12: SI | AS12: NO | AT12: 0 | AU12: =IF('Cosa manca'!L12="SI","SI","")
AA13: a1ff5e48-b6e6-414a-b81b-9a2a3861698a | AB13: =IF('Cosa manca'!C13="","",'Cosa manca'!C13) -> 46246 | AC13: =IF('Cosa manca'!B13="","",'Cosa manca'!B13) -> Relax | AD13: =IF('Cosa manca'!A13="","",'Cosa manca'!A13) -> No.1 Bistro (Wick) - pranzo | AE13: Nel piano | AF13: =IF('Cosa manca'!D13="","",'Cosa manca'!D13) -> 0.5 | AH13: 0.54166667 | AI13: partenza | AJ13: =IF('Cosa manca'!E13="","",'Cosa manca'!E13) -> ChIJP9l9fLXXmkgR5toM25Bxmz4 | AK13: https://www.google.com/maps/place/?q=place_id:ChIJP9l9fLXXmkgR5toM25Bxmz4 | AL13: =IF('Cosa manca'!F13="","",'Cosa manca'!F13) | AM13: =IF('Cosa manca'!G13="","",'Cosa manca'!G13) | AN13: =IF('Cosa manca'!H13="","",'Cosa manca'!H13) -> 11:00-13:45 e 17:30-20:30 (mercoledi) | AO13: =IF('Cosa manca'!I13="","",'Cosa manca'!I13) -> Bistrot molto apprezzato nel centro di Wick, servizio pranzo entro le 13:45. | AP13: =IF('Cosa manca'!J13="","",'Cosa manca'!J13) -> +44 1955 602323 | AQ13: NO | AS13: NO | AT13: 0 | AU13: =IF('Cosa manca'!L13="SI","SI","")
AA14: 3d40d01e-1851-4733-bcea-a14505f63754 | AB14: =IF('Cosa manca'!C14="","",'Cosa manca'!C14) -> 46246 | AC14: =IF('Cosa manca'!B14="","",'Cosa manca'!B14) -> Attività | AD14: =IF('Cosa manca'!A14="","",'Cosa manca'!A14) -> Duncansby Stacks | AE14: Nel piano | AF14: =IF('Cosa manca'!D14="","",'Cosa manca'!D14) -> 0.5625 | AH14: 0.61458333 | AI14: partenza, incl. faro | AJ14: =IF('Cosa manca'!E14="","",'Cosa manca'!E14) -> ChIJE1CdVm_fmkgRFgVyZCsDn24 | AK14: https://www.google.com/maps/place/?q=place_id:ChIJE1CdVm_fmkgRFgVyZCsDn24 | AL14: =IF('Cosa manca'!F14="","",'Cosa manca'!F14) | AM14: =IF('Cosa manca'!G14="","",'Cosa manca'!G14) | AN14: =IF('Cosa manca'!H14="","",'Cosa manca'!H14) -> Sempre aperto | AO14: =IF('Cosa manca'!I14="","",'Cosa manca'!I14) -> Faraglioni spettacolari vicino a John o' Groats, raggiungibili a piedi dal faro di Duncansby. | AP14: =IF('Cosa manca'!J14="","",'Cosa manca'!J14) | AQ14: SI | AS14: NO | AT14: 0 | AU14: =IF('Cosa manca'!L14="SI","SI","")
AA15: ed33b34e-a541-46fb-98ea-43afe284fd49 | AB15: =IF('Cosa manca'!C15="","",'Cosa manca'!C15) -> 46246 | AC15: =IF('Cosa manca'!B15="","",'Cosa manca'!B15) -> Attività | AD15: =IF('Cosa manca'!A15="","",'Cosa manca'!A15) -> John o' Groats | AE15: Nel piano | AF15: =IF('Cosa manca'!D15="","",'Cosa manca'!D15) -> 0.62152778 | AH15: 0.65277778 | AI15: partenza | AJ15: =IF('Cosa manca'!E15="","",'Cosa manca'!E15) -> ChIJw1K-uCLfmkgRdMW19Tfb-IY | AK15: https://www.google.com/maps/place/?q=place_id:ChIJw1K-uCLfmkgRdMW19Tfb-IY | AL15: =IF('Cosa manca'!F15="","",'Cosa manca'!F15) | AM15: =IF('Cosa manca'!G15="","",'Cosa manca'!G15) | AN15: =IF('Cosa manca'!H15="","",'Cosa manca'!H15) | AO15: =IF('Cosa manca'!I15="","",'Cosa manca'!I15) -> Punto piu a nord-est della Scozia continentale, tappa fotografica simbolica. | AP15: =IF('Cosa manca'!J15="","",'Cosa manca'!J15) | AQ15: SI | AS15: NO | AT15: 0 | AU15: =IF('Cosa manca'!L15="SI","SI","")
AA16: 0ee96b2a-c168-4cd4-9cf6-df38a017e074 | AB16: =IF('Cosa manca'!C16="","",'Cosa manca'!C16) -> 46246 | AC16: =IF('Cosa manca'!B16="","",'Cosa manca'!B16) -> Relax | AD16: =IF('Cosa manca'!A16="","",'Cosa manca'!A16) -> No.1 Bistro (Wick) - cena | AE16: Nel piano | AF16: =IF('Cosa manca'!D16="","",'Cosa manca'!D16) -> 0.77083333 | AH16: 0.8125 | AI16: partenza | AJ16: =IF('Cosa manca'!E16="","",'Cosa manca'!E16) -> ChIJP9l9fLXXmkgR5toM25Bxmz4 | AK16: https://www.google.com/maps/place/?q=place_id:ChIJP9l9fLXXmkgR5toM25Bxmz4 | AL16: =IF('Cosa manca'!F16="","",'Cosa manca'!F16) | AM16: =IF('Cosa manca'!G16="","",'Cosa manca'!G16) | AN16: =IF('Cosa manca'!H16="","",'Cosa manca'!H16) -> 11:00-13:45 e 17:30-20:30 (mercoledi) | AO16: =IF('Cosa manca'!I16="","",'Cosa manca'!I16) -> Stesso locale del pranzo, turno cena entro le 20:30. Dopo cena, ~20 min di guida fino a Beyond North Cabins. | AP16: =IF('Cosa manca'!J16="","",'Cosa manca'!J16) -> +44 1955 602323 | AQ16: NO | AS16: NO | AT16: 0 | AU16: =IF('Cosa manca'!L16="SI","SI","")
AA17: 03805648-cfa7-4a7b-b880-d116aac5fa8f | AB17: =IF('Cosa manca'!C17="","",'Cosa manca'!C17) -> 46246 | AC17: =IF('Cosa manca'!B17="","",'Cosa manca'!B17) -> Alloggio | AD17: =IF('Cosa manca'!A17="","",'Cosa manca'!A17) -> Beyond North Cabins | AE17: Nel piano | AF17: =IF('Cosa manca'!D17="","",'Cosa manca'!D17) -> 0.83333333 | AG17: check-in | AJ17: =IF('Cosa manca'!E17="","",'Cosa manca'!E17) -> ChIJXX_SasbdmkgRXLlpJV89vh0 | AK17: https://www.google.com/maps/place/?q=place_id:ChIJXX_SasbdmkgRXLlpJV89vh0 | AL17: =IF('Cosa manca'!F17="","",'Cosa manca'!F17) | AM17: =IF('Cosa manca'!G17="","",'Cosa manca'!G17) | AN17: =IF('Cosa manca'!H17="","",'Cosa manca'!H17) | AO17: =IF('Cosa manca'!I17="","",'Cosa manca'!I17) -> Cabin di lusso vicino a John o' Groats, nell'estremo nord della Scozia. | AP17: =IF('Cosa manca'!J17="","",'Cosa manca'!J17) -> +44 7921 338511 | AQ17: NO | AS17: NO | AT17: 0 | AU17: =IF('Cosa manca'!L17="SI","SI","")
AA18: 764e75ff-176c-44fe-8993-32e141724da9 | AB18: =IF('Cosa manca'!C18="","",'Cosa manca'!C18) -> 46246 | AC18: =IF('Cosa manca'!B18="","",'Cosa manca'!B18) -> Relax | AD18: =IF('Cosa manca'!A18="","",'Cosa manca'!A18) -> Annie's Bakery | AE18: Facoltativo | AF18: =IF('Cosa manca'!D18="","",'Cosa manca'!D18) | AJ18: =IF('Cosa manca'!E18="","",'Cosa manca'!E18) -> ChIJjf21ygDXmkgRXbCWDg3cStM | AK18: https://www.google.com/maps/place/?q=place_id:ChIJjf21ygDXmkgRXbCWDg3cStM | AL18: =IF('Cosa manca'!F18="","",'Cosa manca'!F18) | AM18: =IF('Cosa manca'!G18="","",'Cosa manca'!G18) | AN18: =IF('Cosa manca'!H18="","",'Cosa manca'!H18) -> Mer/Gio/Ven/Dom 10:00-14:00 (chiuso Lun/Mar/Sab) | AO18: =IF('Cosa manca'!I18="","",'Cosa manca'!I18) -> Panetteria vicino John o' Groats. NON compatibile con l'orario pranzo/cena: chiude alle 14:00 il mercoledi, troppo presto per il programma della giornata. | AP18: =IF('Cosa manca'!J18="","",'Cosa manca'!J18) -> +44 1955 611497 | AQ18: NO | AR18: Bassa | AS18: NO | AT18: 0 | AU18: =IF('Cosa manca'!L18="SI","SI","") -> SI
AA19: afc84429-03d5-46ff-bca4-92460a640f4a | AB19: =IF('Cosa manca'!C19="","",'Cosa manca'!C19) -> 46247 | AC19: =IF('Cosa manca'!B19="","",'Cosa manca'!B19) -> Attività | AD19: =IF('Cosa manca'!A19="","",'Cosa manca'!A19) -> Burn of Midsand Nature Reserve | AE19: Nel piano | AF19: =IF('Cosa manca'!D19="","",'Cosa manca'!D19) -> 0.34375 | AH19: 0.35763889 | AI19: partenza | AJ19: =IF('Cosa manca'!E19="","",'Cosa manca'!E19) -> ChIJ1yj1JJDFmkgRHZg48CEhWD4 | AK19: https://www.google.com/maps/place/?q=place_id:ChIJ1yj1JJDFmkgRHZg48CEhWD4 | AL19: =IF('Cosa manca'!F19="","",'Cosa manca'!F19) | AM19: =IF('Cosa manca'!G19="","",'Cosa manca'!G19) | AN19: =IF('Cosa manca'!H19="","",'Cosa manca'!H19) | AO19: =IF('Cosa manca'!I19="","",'Cosa manca'!I19) -> Riserva naturale costiera con dune, ottima per birdwatching. | AP19: =IF('Cosa manca'!J19="","",'Cosa manca'!J19) | AQ19: SI | AS19: NO | AT19: 0 | AU19: =IF('Cosa manca'!L19="SI","SI","")
AA20: 7db4e386-3ab2-4db3-8e30-7605ff0ecec6 | AB20: =IF('Cosa manca'!C20="","",'Cosa manca'!C20) -> 46247 | AC20: =IF('Cosa manca'!B20="","",'Cosa manca'!B20) -> Attività | AD20: =IF('Cosa manca'!A20="","",'Cosa manca'!A20) -> Peedie Sands | AE20: Nel piano | AF20: =IF('Cosa manca'!D20="","",'Cosa manca'!D20) -> 0.36458333 | AH20: 0.39236111 | AI20: partenza | AJ20: =IF('Cosa manca'!E20="","",'Cosa manca'!E20) -> ChIJwalQylDDmkgR40kXTOmR1oE | AK20: https://www.google.com/maps/place/?q=place_id:ChIJwalQylDDmkgR40kXTOmR1oE | AL20: =IF('Cosa manca'!F20="","",'Cosa manca'!F20) | AM20: =IF('Cosa manca'!G20="","",'Cosa manca'!G20) | AN20: =IF('Cosa manca'!H20="","",'Cosa manca'!H20) -> Sempre aperto | AO20: =IF('Cosa manca'!I20="","",'Cosa manca'!I20) -> Piccola spiaggia nascosta vicino a Thurso, raggiungibile con una breve camminata. | AP20: =IF('Cosa manca'!J20="","",'Cosa manca'!J20) | AQ20: SI | AS20: NO | AT20: 0 | AU20: =IF('Cosa manca'!L20="SI","SI","")
AA21: f7c31396-bfd3-4d4c-9927-24199170cd62 | AB21: =IF('Cosa manca'!C21="","",'Cosa manca'!C21) -> 46247 | AC21: =IF('Cosa manca'!B21="","",'Cosa manca'!B21) -> Attività | AD21: =IF('Cosa manca'!A21="","",'Cosa manca'!A21) -> Stannergill Whisky Distillery at Castletown Mill | AE21: Nel piano | AF21: =IF('Cosa manca'!D21="","",'Cosa manca'!D21) -> 0.40625 | AH21: 0.42708333 | AI21: partenza | AJ21: =IF('Cosa manca'!E21="","",'Cosa manca'!E21) -> ChIJvTCqhHXFmkgRdnCmdWAyL_4 | AK21: https://www.google.com/maps/place/?q=place_id:ChIJvTCqhHXFmkgRdnCmdWAyL_4 | AL21: =IF('Cosa manca'!F21="","",'Cosa manca'!F21) | AM21: =IF('Cosa manca'!G21="","",'Cosa manca'!G21) | AN21: =IF('Cosa manca'!H21="","",'Cosa manca'!H21) -> 10:00-17:00 (tutti i giorni) | AO21: =IF('Cosa manca'!I21="","",'Cosa manca'!I21) -> Mulino storico restaurato con piccola distilleria e ristorante, vicino a Thurso. Apre alle 10:00: arrivo consigliato non prima. | AP21: =IF('Cosa manca'!J21="","",'Cosa manca'!J21) -> +44 1847 698063 | AQ21: NO | AS21: NO | AT21: 0 | AU21: =IF('Cosa manca'!L21="SI","SI","")
AA22: 804a280d-1910-491f-8e97-2f5d0857d2dc | AB22: =IF('Cosa manca'!C22="","",'Cosa manca'!C22) -> 46247 | AC22: =IF('Cosa manca'!B22="","",'Cosa manca'!B22) -> Relax | AD22: =IF('Cosa manca'!A22="","",'Cosa manca'!A22) -> Red Pepper (Thurso) - pranzo | AE22: Nel piano | AF22: =IF('Cosa manca'!D22="","",'Cosa manca'!D22) -> 0.5 | AH22: 0.54166667 | AI22: partenza | AJ22: =IF('Cosa manca'!E22="","",'Cosa manca'!E22) -> ChIJxXzH-Ku4mkgRtac1qTh5TPQ | AK22: https://www.google.com/maps/place/?q=place_id:ChIJxXzH-Ku4mkgRtac1qTh5TPQ | AL22: =IF('Cosa manca'!F22="","",'Cosa manca'!F22) | AM22: =IF('Cosa manca'!G22="","",'Cosa manca'!G22) | AN22: =IF('Cosa manca'!H22="","",'Cosa manca'!H22) -> 12:00-14:00 e 17:00-20:30 (mercoledi) | AO22: =IF('Cosa manca'!I22="","",'Cosa manca'!I22) -> Ristorante nel centro di Thurso, dentro l'Holborn Hotel. Buoni voti, anche opzioni senza glutine. | AP22: =IF('Cosa manca'!J22="","",'Cosa manca'!J22) -> +44 1847 892771 | AQ22: NO | AS22: NO | AT22: 0 | AU22: =IF('Cosa manca'!L22="SI","SI","")
AA23: ea91661e-4333-45b6-a0fe-b60ca2642c6a | AB23: =IF('Cosa manca'!C23="","",'Cosa manca'!C23) -> 46247 | AC23: =IF('Cosa manca'!B23="","",'Cosa manca'!B23) -> Attività | AD23: =IF('Cosa manca'!A23="","",'Cosa manca'!A23) -> Melvich Beach | AE23: Nel piano | AF23: =IF('Cosa manca'!D23="","",'Cosa manca'!D23) -> 0.57291667 | AH23: 0.59375 | AI23: partenza | AJ23: =IF('Cosa manca'!E23="","",'Cosa manca'!E23) -> ChIJNyzcb5mmmkgRMfmr3iqK0z0 | AK23: https://www.google.com/maps/place/?q=place_id:ChIJNyzcb5mmmkgRMfmr3iqK0z0 | AL23: =IF('Cosa manca'!F23="","",'Cosa manca'!F23) | AM23: =IF('Cosa manca'!G23="","",'Cosa manca'!G23) | AN23: =IF('Cosa manca'!H23="","",'Cosa manca'!H23) -> Sempre aperto | AO23: =IF('Cosa manca'!I23="","",'Cosa manca'!I23) -> Ampia spiaggia di sabbia dorata nel nord della Scozia, tranquilla e panoramica. | AP23: =IF('Cosa manca'!J23="","",'Cosa manca'!J23) | AQ23: SI | AS23: NO | AT23: 0 | AU23: =IF('Cosa manca'!L23="SI","SI","")
AA24: 96273d44-a329-45f4-a9bd-7c6f4e6d9427 | AB24: =IF('Cosa manca'!C24="","",'Cosa manca'!C24) -> 46247 | AC24: =IF('Cosa manca'!B24="","",'Cosa manca'!B24) -> Attività | AD24: =IF('Cosa manca'!A24="","",'Cosa manca'!A24) -> Allt Chranaidh Waterfall | AE24: Nel piano | AF24: =IF('Cosa manca'!D24="","",'Cosa manca'!D24) -> 0.67708333 | AH24: 0.70833333 | AI24: partenza | AJ24: =IF('Cosa manca'!E24="","",'Cosa manca'!E24) -> ChIJ4ZDPCfHVj0gRMdAk-G55TXE | AK24: https://www.google.com/maps/place/?q=place_id:ChIJ4ZDPCfHVj0gRMdAk-G55TXE | AL24: =IF('Cosa manca'!F24="","",'Cosa manca'!F24) | AM24: =IF('Cosa manca'!G24="","",'Cosa manca'!G24) | AN24: =IF('Cosa manca'!H24="","",'Cosa manca'!H24) -> Sempre aperto | AO24: =IF('Cosa manca'!I24="","",'Cosa manca'!I24) -> Cascata raggiungibile con una breve camminata su sentiero sterrato, talvolta fangoso. | AP24: =IF('Cosa manca'!J24="","",'Cosa manca'!J24) | AQ24: SI | AS24: NO | AT24: 0 | AU24: =IF('Cosa manca'!L24="SI","SI","")
AA25: f94a1f5f-1a84-41cf-9edb-4e2d22b1698c | AB25: =IF('Cosa manca'!C25="","",'Cosa manca'!C25) -> 46247 | AC25: =IF('Cosa manca'!B25="","",'Cosa manca'!B25) -> Tappa | AD25: =IF('Cosa manca'!A25="","",'Cosa manca'!A25) -> Ullapool | AE25: Nel piano | AF25: =IF('Cosa manca'!D25="","",'Cosa manca'!D25) -> 0.74652778 | AH25: 0.79166667 | AI25: partenza | AJ25: =IF('Cosa manca'!E25="","",'Cosa manca'!E25) -> ChIJYbOnt_swjkgRDcjJAXOTxFk | AK25: https://www.google.com/maps/place/?q=place_id:ChIJYbOnt_swjkgRDcjJAXOTxFk | AL25: =IF('Cosa manca'!F25="","",'Cosa manca'!F25) | AM25: =IF('Cosa manca'!G25="","",'Cosa manca'!G25) | AN25: =IF('Cosa manca'!H25="","",'Cosa manca'!H25) | AO25: =IF('Cosa manca'!I25="","",'Cosa manca'!I25) -> Cittadina portuale sulla costa nord-occidentale, imbarco dei traghetti per le Ebridi Esterne. | AP25: =IF('Cosa manca'!J25="","",'Cosa manca'!J25) | AQ25: NO | AS25: NO | AT25: 0 | AU25: =IF('Cosa manca'!L25="SI","SI","")
AA26: 9393544e-d168-43a7-933f-36d1e99c1259 | AB26: =IF('Cosa manca'!C26="","",'Cosa manca'!C26) -> 46247 | AC26: =IF('Cosa manca'!B26="","",'Cosa manca'!B26) -> Relax | AD26: =IF('Cosa manca'!A26="","",'Cosa manca'!A26) -> Seafood Shack (Ullapool) | AE26: Nel piano | AF26: =IF('Cosa manca'!D26="","",'Cosa manca'!D26) -> 0.75 | AH26: 0.79166667 | AI26: partenza, cena | AJ26: =IF('Cosa manca'!E26="","",'Cosa manca'!E26) -> ChIJqfsPNCRIjkgRQf2FZxMX0RU | AK26: https://www.google.com/maps/place/?q=place_id:ChIJqfsPNCRIjkgRQf2FZxMX0RU | AL26: =IF('Cosa manca'!F26="","",'Cosa manca'!F26) | AM26: =IF('Cosa manca'!G26="","",'Cosa manca'!G26) -> 10-20 £ | AN26: =IF('Cosa manca'!H26="","",'Cosa manca'!H26) -> 12:00-20:00 (tutti i giorni) | AO26: =IF('Cosa manca'!I26="","",'Cosa manca'!I26) -> Chiosco di pesce molto apprezzato a Ullapool, aperto fino alle 20:00: usato qui come tappa cena, non pranzo. | AP26: =IF('Cosa manca'!J26="","",'Cosa manca'!J26) | AQ26: NO | AS26: NO | AT26: 0 | AU26: =IF('Cosa manca'!L26="SI","SI","")
AA27: a30ce24a-88a2-4821-84a9-71e3a157bb6f | AB27: =IF('Cosa manca'!C27="","",'Cosa manca'!C27) -> 46247 | AC27: =IF('Cosa manca'!B27="","",'Cosa manca'!B27) -> Alloggio | AD27: =IF('Cosa manca'!A27="","",'Cosa manca'!A27) -> Tidal Reach | AE27: Nel piano | AF27: =IF('Cosa manca'!D27="","",'Cosa manca'!D27) -> 0.93402778 | AG27: check-in | AI27: Check-out 2026-08-15 | AJ27: =IF('Cosa manca'!E27="","",'Cosa manca'!E27) -> ChIJo1hDAwCzjUgRCswRm6dW4U8 | AK27: https://www.google.com/maps/place/?q=place_id:ChIJo1hDAwCzjUgRCswRm6dW4U8 | AL27: =IF('Cosa manca'!F27="","",'Cosa manca'!F27) | AM27: =IF('Cosa manca'!G27="","",'Cosa manca'!G27) | AN27: =IF('Cosa manca'!H27="","",'Cosa manca'!H27) | AO27: =IF('Cosa manca'!I27="","",'Cosa manca'!I27) -> Alloggio con uso cucina sull'Isola di Skye. ATTENZIONE: con le pause di guida incluse il check-in arriva a tarda sera; verificare con la struttura la possibilita di arrivo autonomo/self check-in. | AP27: =IF('Cosa manca'!J27="","",'Cosa manca'!J27) | AQ27: NO | AS27: NO | AT27: 0 | AU27: =IF('Cosa manca'!L27="SI","SI","")
AA28: c4dd8093-bbd3-4c62-b03e-2edef1143bfc | AB28: =IF('Cosa manca'!C28="","",'Cosa manca'!C28) -> 46247 | AC28: =IF('Cosa manca'!B28="","",'Cosa manca'!B28) -> Attività | AD28: =IF('Cosa manca'!A28="","",'Cosa manca'!A28) -> Bealach na Ba | AE28: Facoltativo | AF28: =IF('Cosa manca'!D28="","",'Cosa manca'!D28) | AJ28: =IF('Cosa manca'!E28="","",'Cosa manca'!E28) -> ChIJGVMFmBiEjkgRQyUcmylOvDU | AK28: https://www.google.com/maps/place/?q=place_id:ChIJGVMFmBiEjkgRQyUcmylOvDU | AL28: =IF('Cosa manca'!F28="","",'Cosa manca'!F28) | AM28: =IF('Cosa manca'!G28="","",'Cosa manca'!G28) | AN28: =IF('Cosa manca'!H28="","",'Cosa manca'!H28) | AO28: =IF('Cosa manca'!I28="","",'Cosa manca'!I28) -> Strada di montagna panoramica con tornanti, una delle salite piu spettacolari della Scozia. | AP28: =IF('Cosa manca'!J28="","",'Cosa manca'!J28) | AQ28: SI | AR28: Bassa | AS28: NO | AT28: 0 | AU28: =IF('Cosa manca'!L28="SI","SI","")
AA29: 6fd9eb47-5c76-4669-b68a-ebcd3ec98a99 | AB29: =IF('Cosa manca'!C29="","",'Cosa manca'!C29) -> 46248 | AC29: =IF('Cosa manca'!B29="","",'Cosa manca'!B29) -> Attività | AD29: =IF('Cosa manca'!A29="","",'Cosa manca'!A29) -> Old Man of Storr - Parcheggio | AE29: Nel piano | AF29: =IF('Cosa manca'!D29="","",'Cosa manca'!D29) -> 0.37847222 | AH29: 0.46527778 | AI29: fine trekking, ~2h | AJ29: =IF('Cosa manca'!E29="","",'Cosa manca'!E29) -> ChIJsafGmVnNjUgR655wsjZ5LX8 | AK29: https://www.google.com/maps/place/?q=place_id:ChIJsafGmVnNjUgR655wsjZ5LX8 | AL29: =IF('Cosa manca'!F29="","",'Cosa manca'!F29) | AM29: =IF('Cosa manca'!G29="","",'Cosa manca'!G29) -> ~8 £ / 6h | AN29: =IF('Cosa manca'!H29="","",'Cosa manca'!H29) -> Sempre aperto | AO29: =IF('Cosa manca'!I29="","",'Cosa manca'!I29) -> Trekking all'Old Man of Storr: ~3,8 km a/r, sentiero ripido nella parte finale, molto panoramico. Partenza dal parcheggio. | AP29: =IF('Cosa manca'!J29="","",'Cosa manca'!J29) | AQ29: SI | AR29: Bassa | AS29: NO | AT29: 0 | AU29: =IF('Cosa manca'!L29="SI","SI","")
AA30: 668f0a0b-7fac-428b-8191-ef935620d85d | AB30: =IF('Cosa manca'!C30="","",'Cosa manca'!C30) -> 46248 | AC30: =IF('Cosa manca'!B30="","",'Cosa manca'!B30) -> Tappa | AD30: =IF('Cosa manca'!A30="","",'Cosa manca'!A30) -> Portree | AE30: Nel piano | AF30: =IF('Cosa manca'!D30="","",'Cosa manca'!D30) -> 0.47569444 | AH30: 0.55208333 | AI30: partenza | AJ30: =IF('Cosa manca'!E30="","",'Cosa manca'!E30) -> ChIJHQfTm-EvjEgRFWk4InoLHRA | AK30: https://www.google.com/maps/place/?q=place_id:ChIJHQfTm-EvjEgRFWk4InoLHRA | AL30: =IF('Cosa manca'!F30="","",'Cosa manca'!F30) | AM30: =IF('Cosa manca'!G30="","",'Cosa manca'!G30) | AN30: =IF('Cosa manca'!H30="","",'Cosa manca'!H30) | AO30: =IF('Cosa manca'!I30="","",'Cosa manca'!I30) -> Capoluogo dell'Isola di Skye, porto colorato e base per esplorare l'isola. | AP30: =IF('Cosa manca'!J30="","",'Cosa manca'!J30) | AQ30: NO | AR30: Media | AS30: NO | AT30: 0 | AU30: =IF('Cosa manca'!L30="SI","SI","")
AA31: 7d41718c-a817-425c-8a78-ef8f2b088661 | AB31: =IF('Cosa manca'!C31="","",'Cosa manca'!C31) -> 46248 | AC31: =IF('Cosa manca'!B31="","",'Cosa manca'!B31) -> Relax | AD31: =IF('Cosa manca'!A31="","",'Cosa manca'!A31) -> Sea Breezes (Portree) - pranzo | AE31: Nel piano | AF31: =IF('Cosa manca'!D31="","",'Cosa manca'!D31) -> 0.52083333 | AH31: 0.55208333 | AI31: partenza | AJ31: =IF('Cosa manca'!E31="","",'Cosa manca'!E31) -> ChIJw0BBvC0yjEgRNVtV9vap2a0 | AK31: https://www.google.com/maps/place/?q=place_id:ChIJw0BBvC0yjEgRNVtV9vap2a0 | AL31: =IF('Cosa manca'!F31="","",'Cosa manca'!F31) | AM31: =IF('Cosa manca'!G31="","",'Cosa manca'!G31) | AN31: =IF('Cosa manca'!H31="","",'Cosa manca'!H31) -> 12:00-14:00 e 17:30-21:00 (venerdi) | AO31: =IF('Cosa manca'!I31="","",'Cosa manca'!I31) -> Ristorante di pesce molto popolare sul porto di Portree; consigliato arrivare presto, si formano code. | AP31: =IF('Cosa manca'!J31="","",'Cosa manca'!J31) -> +44 1478 612016 | AQ31: NO | AS31: NO | AT31: 0 | AU31: =IF('Cosa manca'!L31="SI","SI","")
AA32: e3c65488-902d-4e60-a986-b40816371ce9 | AB32: =IF('Cosa manca'!C32="","",'Cosa manca'!C32) -> 46248 | AC32: =IF('Cosa manca'!B32="","",'Cosa manca'!B32) -> Attività | AD32: =IF('Cosa manca'!A32="","",'Cosa manca'!A32) -> Fairy Pools | AE32: Nel piano | AF32: =IF('Cosa manca'!D32="","",'Cosa manca'!D32) -> 0.58680556 | AH32: 0.64930556 | AI32: partenza | AJ32: =IF('Cosa manca'!E32="","",'Cosa manca'!E32) -> ChIJEd0VoW05jEgRffGsm5G5y34 | AK32: https://www.google.com/maps/place/?q=place_id:ChIJEd0VoW05jEgRffGsm5G5y34 | AL32: =IF('Cosa manca'!F32="","",'Cosa manca'!F32) | AM32: =IF('Cosa manca'!G32="","",'Cosa manca'!G32) -> ~8 £ parcheggio | AN32: =IF('Cosa manca'!H32="","",'Cosa manca'!H32) | AO32: =IF('Cosa manca'!I32="","",'Cosa manca'!I32) -> Pozze naturali di acqua cristallina raggiungibili con una camminata panoramica sull'Isola di Skye. | AP32: =IF('Cosa manca'!J32="","",'Cosa manca'!J32) | AQ32: SI | AS32: NO | AT32: 0 | AU32: =IF('Cosa manca'!L32="SI","SI","")
AA33: ddc42bc9-c0d7-4e68-8bb7-44b6db5519cd | AB33: =IF('Cosa manca'!C33="","",'Cosa manca'!C33) -> 46248 | AC33: =IF('Cosa manca'!B33="","",'Cosa manca'!B33) -> Attività | AD33: =IF('Cosa manca'!A33="","",'Cosa manca'!A33) -> Talisker Distillery | AE33: Nel piano | AF33: =IF('Cosa manca'!D33="","",'Cosa manca'!D33) -> 0.66666667 | AH33: 0.70833333 | AI33: partenza | AJ33: =IF('Cosa manca'!E33="","",'Cosa manca'!E33) -> ChIJE9KVQQI4jEgRiTTmjkiThc0 | AK33: https://www.google.com/maps/place/?q=place_id:ChIJE9KVQQI4jEgRiTTmjkiThc0 | AL33: =IF('Cosa manca'!F33="","",'Cosa manca'!F33) | AM33: =IF('Cosa manca'!G33="","",'Cosa manca'!G33) | AN33: =IF('Cosa manca'!H33="","",'Cosa manca'!H33) -> 10:00-17:00 (tutti i giorni) | AO33: =IF('Cosa manca'!I33="","",'Cosa manca'!I33) -> Storica distilleria di whisky sull'Isola di Skye, affacciata sul mare. | AP33: =IF('Cosa manca'!J33="","",'Cosa manca'!J33) -> +44 1478 614308 | AQ33: NO | AR33: Media | AS33: NO | AT33: 0 | AU33: =IF('Cosa manca'!L33="SI","SI","")
AA34: f7a8d379-b8a0-475e-a9a5-c0ecb53547d3 | AB34: =IF('Cosa manca'!C34="","",'Cosa manca'!C34) -> 46248 | AC34: =IF('Cosa manca'!B34="","",'Cosa manca'!B34) -> Relax | AD34: =IF('Cosa manca'!A34="","",'Cosa manca'!A34) -> The Bistro at Atholl House (Dunvegan) - cena | AE34: Nel piano | AF34: =IF('Cosa manca'!D34="","",'Cosa manca'!D34) -> 0.75 | AH34: 0.80555556 | AI34: partenza | AJ34: =IF('Cosa manca'!E34="","",'Cosa manca'!E34) -> ChIJL1MQW91NjEgRyrzKxb3IWm8 | AK34: https://www.google.com/maps/place/?q=place_id:ChIJL1MQW91NjEgRyrzKxb3IWm8 | AL34: =IF('Cosa manca'!F34="","",'Cosa manca'!F34) | AM34: =IF('Cosa manca'!G34="","",'Cosa manca'!G34) | AN34: =IF('Cosa manca'!H34="","",'Cosa manca'!H34) -> 17:00-19:30 (venerdi, ultimo ordine) | AO34: =IF('Cosa manca'!I34="","",'Cosa manca'!I34) -> Piccolo bistrot vicino a Tidal Reach, cucina locale. Chiude alle 19:30: prenotare in anticipo. Dopo cena, ~20 min fino a Neist Point per il tramonto. | AP34: =IF('Cosa manca'!J34="","",'Cosa manca'!J34) -> +44 1470 521810 | AQ34: NO | AS34: NO | AT34: 0 | AU34: =IF('Cosa manca'!L34="SI","SI","")
AA35: 3b4f5a49-787f-46a0-9dbd-e5d3bbf4aeb9 | AB35: =IF('Cosa manca'!C35="","",'Cosa manca'!C35) -> 46248 | AC35: =IF('Cosa manca'!B35="","",'Cosa manca'!B35) -> Attività | AD35: =IF('Cosa manca'!A35="","",'Cosa manca'!A35) -> Neist Point | AE35: Nel piano | AF35: =IF('Cosa manca'!D35="","",'Cosa manca'!D35) -> 0.82291667 | AG35: arrivo, attesa tramonto | AH35: 0.88541667 | AI35: partenza | AJ35: =IF('Cosa manca'!E35="","",'Cosa manca'!E35) -> ChIJGzTtLIJUjEgRqkiiM77pK1c | AK35: https://www.google.com/maps/place/?q=place_id:ChIJGzTtLIJUjEgRqkiiM77pK1c | AL35: =IF('Cosa manca'!F35="","",'Cosa manca'!F35) | AM35: =IF('Cosa manca'!G35="","",'Cosa manca'!G35) | AN35: =IF('Cosa manca'!H35="","",'Cosa manca'!H35) | AO35: =IF('Cosa manca'!I35="","",'Cosa manca'!I35) -> Faro all'estremita occidentale di Skye, punto panoramico spettacolare sulle scogliere. | AP35: =IF('Cosa manca'!J35="","",'Cosa manca'!J35) | AQ35: SI | AS35: NO | AT35: 0 | AU35: =IF('Cosa manca'!L35="SI","SI","")
AA36: 90c31c99-a447-40b1-8756-658ea7c53387 | AB36: =IF('Cosa manca'!C36="","",'Cosa manca'!C36) -> 46248 | AC36: =IF('Cosa manca'!B36="","",'Cosa manca'!B36) -> Attività | AD36: =IF('Cosa manca'!A36="","",'Cosa manca'!A36) -> Coral Beach | AE36: Facoltativo | AF36: =IF('Cosa manca'!D36="","",'Cosa manca'!D36) | AJ36: =IF('Cosa manca'!E36="","",'Cosa manca'!E36) -> ChIJTVC0He2yjUgRVR5Phm_3r-A | AK36: https://www.google.com/maps/place/?q=place_id:ChIJTVC0He2yjUgRVR5Phm_3r-A | AL36: =IF('Cosa manca'!F36="","",'Cosa manca'!F36) | AM36: =IF('Cosa manca'!G36="","",'Cosa manca'!G36) | AN36: =IF('Cosa manca'!H36="","",'Cosa manca'!H36) | AO36: =IF('Cosa manca'!I36="","",'Cosa manca'!I36) -> Spiaggia bianca formata da alghe coralline fossili, vicino a Dunvegan sull'Isola di Skye. | AP36: =IF('Cosa manca'!J36="","",'Cosa manca'!J36) | AQ36: SI | AR36: Bassa | AS36: NO | AT36: 0 | AU36: =IF('Cosa manca'!L36="SI","SI","")
AA37: 4188832a-9c7c-467d-bcd1-500cac8d1f9b | AB37: =IF('Cosa manca'!C37="","",'Cosa manca'!C37) -> 46248 | AC37: =IF('Cosa manca'!B37="","",'Cosa manca'!B37) -> Attività | AD37: =IF('Cosa manca'!A37="","",'Cosa manca'!A37) -> Quiraing | AE37: Facoltativo | AF37: =IF('Cosa manca'!D37="","",'Cosa manca'!D37) | AJ37: =IF('Cosa manca'!E37="","",'Cosa manca'!E37) -> ChIJ22ustw3PjUgRh-UmIClXt4E | AK37: https://www.google.com/maps/place/?q=place_id:ChIJ22ustw3PjUgRh-UmIClXt4E | AL37: =IF('Cosa manca'!F37="","",'Cosa manca'!F37) | AM37: =IF('Cosa manca'!G37="","",'Cosa manca'!G37) | AN37: =IF('Cosa manca'!H37="","",'Cosa manca'!H37) | AO37: =IF('Cosa manca'!I37="","",'Cosa manca'!I37) -> Paesaggio roccioso surreale nel nord di Skye, percorso escursionistico panoramico. | AP37: =IF('Cosa manca'!J37="","",'Cosa manca'!J37) | AQ37: SI | AR37: Bassa | AS37: NO | AT37: 0 | AU37: =IF('Cosa manca'!L37="SI","SI","")
AA38: 16f2b9c6-a30b-4b1c-ac0d-49105ce84c96 | AB38: =IF('Cosa manca'!C38="","",'Cosa manca'!C38) -> 46248 | AC38: =IF('Cosa manca'!B38="","",'Cosa manca'!B38) -> Attività | AD38: =IF('Cosa manca'!A38="","",'Cosa manca'!A38) -> South Skye Sea Kayak | AE38: Facoltativo | AF38: =IF('Cosa manca'!D38="","",'Cosa manca'!D38) | AJ38: =IF('Cosa manca'!E38="","",'Cosa manca'!E38) -> ChIJ1S8tIXUfjEgRW5381Wm3lTw | AK38: https://www.google.com/maps/place/?q=place_id:ChIJ1S8tIXUfjEgRW5381Wm3lTw | AL38: =IF('Cosa manca'!F38="","",'Cosa manca'!F38) | AM38: =IF('Cosa manca'!G38="","",'Cosa manca'!G38) | AN38: =IF('Cosa manca'!H38="","",'Cosa manca'!H38) -> 08:00-20:00 (tutti i giorni) | AO38: =IF('Cosa manca'!I38="","",'Cosa manca'!I38) -> Escursioni guidate in kayak lungo la costa sud dell'Isola di Skye. (Nella bozza iniziale era pensato per il pomeriggio di arrivo a Skye; con solo 2 notti su Skye e difficile trovargli spazio senza sacrificare altro. Richiede comunque prenotazione anticipata.) | AP38: =IF('Cosa manca'!J38="","",'Cosa manca'!J38) -> +44 7592 059577 | AQ38: SI | AR38: Bassa | AS38: NO | AT38: 0 | AU38: =IF('Cosa manca'!L38="SI","SI","")
AA39: 59f3b529-3f34-4713-b52d-45851fc39ad2 | AB39: =IF('Cosa manca'!C39="","",'Cosa manca'!C39) -> 46248 | AC39: =IF('Cosa manca'!B39="","",'Cosa manca'!B39) -> Attività | AD39: =IF('Cosa manca'!A39="","",'Cosa manca'!A39) -> The Storr | AE39: Facoltativo | AF39: =IF('Cosa manca'!D39="","",'Cosa manca'!D39) | AJ39: =IF('Cosa manca'!E39="","",'Cosa manca'!E39) -> ChIJl4aNAUfNjUgRFRlDXomKKGk | AK39: https://www.google.com/maps/place/?q=place_id:ChIJl4aNAUfNjUgRFRlDXomKKGk | AL39: =IF('Cosa manca'!F39="","",'Cosa manca'!F39) | AM39: =IF('Cosa manca'!G39="","",'Cosa manca'!G39) | AN39: =IF('Cosa manca'!H39="","",'Cosa manca'!H39) | AO39: =IF('Cosa manca'!I39="","",'Cosa manca'!I39) -> Stesso trekking dell'Old Man of Storr (vedi riga 'Old Man of Storr - Parcheggio'): qui lasciato come riferimento/alternativa. | AP39: =IF('Cosa manca'!J39="","",'Cosa manca'!J39) | AQ39: SI | AR39: Bassa | AS39: NO | AT39: 0 | AU39: =IF('Cosa manca'!L39="SI","SI","")
AA40: 6f7f80b0-8798-4cfe-8802-3fff373dc05f | AB40: =IF('Cosa manca'!C40="","",'Cosa manca'!C40) -> 46249 | AC40: =IF('Cosa manca'!B40="","",'Cosa manca'!B40) -> Attività | AD40: =IF('Cosa manca'!A40="","",'Cosa manca'!A40) -> Eilean Donan Castle | AE40: Nel piano | AF40: =IF('Cosa manca'!D40="","",'Cosa manca'!D40) -> 0.41666667 | AH40: 0.46875 | AI40: partenza | AJ40: =IF('Cosa manca'!E40="","",'Cosa manca'!E40) -> ChIJjZMtqxmRjkgR02W__JeNI7M | AK40: https://www.google.com/maps/place/?q=place_id:ChIJjZMtqxmRjkgR02W__JeNI7M | AL40: =IF('Cosa manca'!F40="","",'Cosa manca'!F40) | AM40: =IF('Cosa manca'!G40="","",'Cosa manca'!G40) | AN40: =IF('Cosa manca'!H40="","",'Cosa manca'!H40) -> 09:00-17:00 (tutti i giorni) | AO40: =IF('Cosa manca'!I40="","",'Cosa manca'!I40) -> Uno dei castelli piu fotografati di Scozia, su un isolotto alla confluenza di tre laghi. | AP40: =IF('Cosa manca'!J40="","",'Cosa manca'!J40) -> +44 1599 555202 | AQ40: SI | AS40: NO | AT40: 0 | AU40: =IF('Cosa manca'!L40="SI","SI","")
AA41: 0b69c7ed-fbd4-4399-89b4-29ebc9a687c7 | AB41: =IF('Cosa manca'!C41="","",'Cosa manca'!C41) -> 46249 | AC41: =IF('Cosa manca'!B41="","",'Cosa manca'!B41) -> Tappa | AD41: =IF('Cosa manca'!A41="","",'Cosa manca'!A41) -> Fort William | AE41: Nel piano | AF41: =IF('Cosa manca'!D41="","",'Cosa manca'!D41) -> 0.53819444 | AH41: 0.58333333 | AI41: partenza | AJ41: =IF('Cosa manca'!E41="","",'Cosa manca'!E41) -> ChIJGwMcNyMziUgRIUhUCOM-oM0 | AK41: https://www.google.com/maps/place/?q=place_id:ChIJGwMcNyMziUgRIUhUCOM-oM0 | AL41: =IF('Cosa manca'!F41="","",'Cosa manca'!F41) | AM41: =IF('Cosa manca'!G41="","",'Cosa manca'!G41) | AN41: =IF('Cosa manca'!H41="","",'Cosa manca'!H41) | AO41: =IF('Cosa manca'!I41="","",'Cosa manca'!I41) -> Cittadina ai piedi del Ben Nevis, base per Glencoe e le Highlands occidentali. | AP41: =IF('Cosa manca'!J41="","",'Cosa manca'!J41) | AQ41: NO | AS41: NO | AT41: 0 | AU41: =IF('Cosa manca'!L41="SI","SI","")
AA42: eb7f0bf0-a106-476f-966e-416f7fc57388 | AB42: =IF('Cosa manca'!C42="","",'Cosa manca'!C42) -> 46249 | AC42: =IF('Cosa manca'!B42="","",'Cosa manca'!B42) -> Relax | AD42: =IF('Cosa manca'!A42="","",'Cosa manca'!A42) -> The Geographer (Fort William) - pranzo | AE42: Nel piano | AF42: =IF('Cosa manca'!D42="","",'Cosa manca'!D42) -> 0.54166667 | AH42: 0.58333333 | AI42: partenza | AJ42: =IF('Cosa manca'!E42="","",'Cosa manca'!E42) -> ChIJkfh3NqvMjkgRHmPixSmuz68 | AK42: https://www.google.com/maps/place/?q=place_id:ChIJkfh3NqvMjkgRHmPixSmuz68 | AL42: =IF('Cosa manca'!F42="","",'Cosa manca'!F42) | AM42: =IF('Cosa manca'!G42="","",'Cosa manca'!G42) | AN42: =IF('Cosa manca'!H42="","",'Cosa manca'!H42) -> 12:00-14:00 e 17:00-21:00 (sabato) | AO42: =IF('Cosa manca'!I42="","",'Cosa manca'!I42) -> Bistrot molto ben valutato sulla via principale di Fort William. | AP42: =IF('Cosa manca'!J42="","",'Cosa manca'!J42) -> +44 1397 705011 | AQ42: NO | AS42: NO | AT42: 0 | AU42: =IF('Cosa manca'!L42="SI","SI","")
AA43: d31fb753-27ba-4f02-ae93-8296823ae598 | AB43: =IF('Cosa manca'!C43="","",'Cosa manca'!C43) -> 46249 | AC43: =IF('Cosa manca'!B43="","",'Cosa manca'!B43) -> Attività | AD43: =IF('Cosa manca'!A43="","",'Cosa manca'!A43) -> Coire Gabhail (Lost Valley) | AE43: Nel piano | AF43: =IF('Cosa manca'!D43="","",'Cosa manca'!D43) -> 0.60763889 | AH43: 0.69097222 | AI43: partenza | AJ43: =IF('Cosa manca'!E43="","",'Cosa manca'!E43) -> ChIJN5IGzhIwiUgRGpdPXeg0P4s | AK43: https://www.google.com/maps/place/?q=place_id:ChIJN5IGzhIwiUgRGpdPXeg0P4s | AL43: =IF('Cosa manca'!F43="","",'Cosa manca'!F43) | AM43: =IF('Cosa manca'!G43="","",'Cosa manca'!G43) | AN43: =IF('Cosa manca'!H43="","",'Cosa manca'!H43) | AO43: =IF('Cosa manca'!I43="","",'Cosa manca'!I43) -> Valle nascosta a Glencoe, escursione con un breve tratto di arrampicata leggera. | AP43: =IF('Cosa manca'!J43="","",'Cosa manca'!J43) | AQ43: SI | AS43: NO | AT43: 0 | AU43: =IF('Cosa manca'!L43="SI","SI","")
AA44: 6350da6e-95d5-4a4d-8e70-483723809614 | AB44: =IF('Cosa manca'!C44="","",'Cosa manca'!C44) -> 46249 | AC44: =IF('Cosa manca'!B44="","",'Cosa manca'!B44) -> Trasporto | AD44: =IF('Cosa manca'!A44="","",'Cosa manca'!A44) -> 4X4 Hire Scotland Ltd (riconsegna auto) | AE44: Nel piano | AF44: =IF('Cosa manca'!D44="","",'Cosa manca'!D44) -> 0.83333333 | AG44: 0.85416667 | AJ44: =IF('Cosa manca'!E44="","",'Cosa manca'!E44) -> ChIJm05Y_ibFh0gRrPhn7koVhmQ | AK44: https://www.google.com/maps/place/?q=place_id:ChIJm05Y_ibFh0gRrPhn7koVhmQ | AL44: =IF('Cosa manca'!F44="","",'Cosa manca'!F44) | AM44: =IF('Cosa manca'!G44="","",'Cosa manca'!G44) | AN44: =IF('Cosa manca'!H44="","",'Cosa manca'!H44) | AO44: =IF('Cosa manca'!I44="","",'Cosa manca'!I44) -> Riconsegna del veicolo a noleggio prima del rientro in aeroporto. | AP44: =IF('Cosa manca'!J44="","",'Cosa manca'!J44) -> +44 131 333 5070 | AQ44: NO | AS44: NO | AT44: 0 | AU44: =IF('Cosa manca'!L44="SI","SI","")
AA45: 136faef9-d72d-4a6d-af3d-6f927881ca40 | AB45: =IF('Cosa manca'!C45="","",'Cosa manca'!C45) -> 46249 | AC45: =IF('Cosa manca'!B45="","",'Cosa manca'!B45) -> Alloggio | AD45: =IF('Cosa manca'!A45="","",'Cosa manca'!A45) -> DoubleTree by Hilton Edinburgh Airport (2a notte) | AE45: Nel piano | AF45: =IF('Cosa manca'!D45="","",'Cosa manca'!D45) -> 0.86458333 | AG45: check-in | AI45: Check-out 2026-08-16 | AJ45: =IF('Cosa manca'!E45="","",'Cosa manca'!E45) -> ChIJgV8j2gXFh0gR-kpGqwUreYk | AK45: https://www.google.com/maps/place/?q=place_id:ChIJgV8j2gXFh0gR-kpGqwUreYk | AL45: =IF('Cosa manca'!F45="","",'Cosa manca'!F45) | AM45: =IF('Cosa manca'!G45="","",'Cosa manca'!G45) | AN45: =IF('Cosa manca'!H45="","",'Cosa manca'!H45) | AO45: =IF('Cosa manca'!I45="","",'Cosa manca'!I45) -> Hotel 4 stelle a pochi minuti dall'aeroporto di Edimburgo. | AP45: =IF('Cosa manca'!J45="","",'Cosa manca'!J45) -> +44 131 519 4400 | AQ45: NO | AS45: NO | AT45: 0 | AU45: =IF('Cosa manca'!L45="SI","SI","")
AA46: 2fae519e-b357-4089-9f17-d8f7c0c28980 | AB46: =IF('Cosa manca'!C46="","",'Cosa manca'!C46) -> 46249 | AC46: =IF('Cosa manca'!B46="","",'Cosa manca'!B46) -> Relax | AD46: =IF('Cosa manca'!A46="","",'Cosa manca'!A46) -> Olive & Stone (DoubleTree Edinburgh Airport) - cena | AE46: Nel piano | AF46: =IF('Cosa manca'!D46="","",'Cosa manca'!D46) -> 0.86458333 | AH46: 0.89583333 | AJ46: =IF('Cosa manca'!E46="","",'Cosa manca'!E46) -> ChIJidoQ4QTFh0gR_Crunap6Oy4 | AL46: =IF('Cosa manca'!F46="","",'Cosa manca'!F46) | AM46: =IF('Cosa manca'!G46="","",'Cosa manca'!G46) | AN46: =IF('Cosa manca'!H46="","",'Cosa manca'!H46) -> Aperto fino alle 22:00 | AO46: =IF('Cosa manca'!I46="","",'Cosa manca'!I46) -> Ristorante dentro il DoubleTree stesso: comodo dopo il check-in tardivo. Cena oltre la finestra ideale (18:00-19:30), inevitabile per via della riconsegna auto alle 20:00-20:30. | AP46: =IF('Cosa manca'!J46="","",'Cosa manca'!J46) | AQ46: NO | AS46: NO | AT46: 0 | AU46: =IF('Cosa manca'!L46="SI","SI","")
AA47: f565ac90-1e9b-4b94-aada-a67e1c880796 | AB47: =IF('Cosa manca'!C47="","",'Cosa manca'!C47) -> 46250 | AC47: =IF('Cosa manca'!B47="","",'Cosa manca'!B47) -> Trasporto | AD47: =IF('Cosa manca'!A47="","",'Cosa manca'!A47) -> Volo di partenza LH2525 (Edimburgo) | AE47: Nel piano | AF47: =IF('Cosa manca'!D47="","",'Cosa manca'!D47) | AG47: da verificare | AJ47: =IF('Cosa manca'!E47="","",'Cosa manca'!E47) -> ChIJfQHjkw7Fh0gRm9WxkiUKUxk | AL47: =IF('Cosa manca'!F47="","",'Cosa manca'!F47) | AM47: =IF('Cosa manca'!G47="","",'Cosa manca'!G47) | AN47: =IF('Cosa manca'!H47="","",'Cosa manca'!H47) | AO47: =IF('Cosa manca'!I47="","",'Cosa manca'!I47) -> Volo Lufthansa in partenza da Edimburgo verso il rientro. | AP47: =IF('Cosa manca'!J47="","",'Cosa manca'!J47) | AQ47: NO | AS47: NO | AT47: 0 | AU47: =IF('Cosa manca'!L47="SI","SI","")
AA48: 86527153-66ce-4294-90c9-258ac5436b3f | AB48: =IF('Cosa manca'!C48="","",'Cosa manca'!C48) | AC48: =IF('Cosa manca'!B48="","",'Cosa manca'!B48) -> Trasporto | AD48: =IF('Cosa manca'!A48="","",'Cosa manca'!A48) -> Aeroporto di Edimburgo | AE48: Facoltativo | AF48: =IF('Cosa manca'!D48="","",'Cosa manca'!D48) | AJ48: =IF('Cosa manca'!E48="","",'Cosa manca'!E48) -> ChIJfQHjkw7Fh0gRm9WxkiUKUxk | AK48: https://www.google.com/maps/place/?q=place_id:ChIJfQHjkw7Fh0gRm9WxkiUKUxk | AL48: =IF('Cosa manca'!F48="","",'Cosa manca'!F48) | AM48: =IF('Cosa manca'!G48="","",'Cosa manca'!G48) | AN48: =IF('Cosa manca'!H48="","",'Cosa manca'!H48) | AO48: =IF('Cosa manca'!I48="","",'Cosa manca'!I48) -> Aeroporto principale di Edimburgo. | AP48: =IF('Cosa manca'!J48="","",'Cosa manca'!J48) -> +44 131 357 6337 | AQ48: NO | AR48: Bassa | AS48: NO | AT48: 0 | AU48: =IF('Cosa manca'!L48="SI","SI","")
AA49: ecdddca4-c0dd-4980-acbf-28355112d308 | AB49: =IF('Cosa manca'!C49="","",'Cosa manca'!C49) | AC49: =IF('Cosa manca'!B49="","",'Cosa manca'!B49) -> Tappa | AD49: =IF('Cosa manca'!A49="","",'Cosa manca'!A49) -> Arisaig | AE49: Facoltativo | AF49: =IF('Cosa manca'!D49="","",'Cosa manca'!D49) | AJ49: =IF('Cosa manca'!E49="","",'Cosa manca'!E49) -> ChIJCQOLaBUCjEgRpW2J-RY7PwY | AK49: https://www.google.com/maps/place/?q=place_id:ChIJCQOLaBUCjEgRpW2J-RY7PwY | AL49: =IF('Cosa manca'!F49="","",'Cosa manca'!F49) | AM49: =IF('Cosa manca'!G49="","",'Cosa manca'!G49) | AN49: =IF('Cosa manca'!H49="","",'Cosa manca'!H49) | AO49: =IF('Cosa manca'!I49="","",'Cosa manca'!I49) -> Villaggio costiero sulla strada per le Ebridi, punto di sosta suggestivo. | AP49: =IF('Cosa manca'!J49="","",'Cosa manca'!J49) | AQ49: NO | AR49: Bassa | AS49: NO | AT49: 0 | AU49: =IF('Cosa manca'!L49="SI","SI","")
AA50: e7f63434-3c5e-444b-96af-0356fdeda93d | AB50: =IF('Cosa manca'!C50="","",'Cosa manca'!C50) | AC50: =IF('Cosa manca'!B50="","",'Cosa manca'!B50) -> Alloggio | AD50: =IF('Cosa manca'!A50="","",'Cosa manca'!A50) -> Cairn Hotel Edinburgh | AE50: Facoltativo | AF50: =IF('Cosa manca'!D50="","",'Cosa manca'!D50) | AJ50: =IF('Cosa manca'!E50="","",'Cosa manca'!E50) -> ChIJgd0nrIvHh0gRHeP-DdKnRgw | AK50: https://www.google.com/maps/place/?q=place_id:ChIJgd0nrIvHh0gRHeP-DdKnRgw | AL50: =IF('Cosa manca'!F50="","",'Cosa manca'!F50) | AM50: =IF('Cosa manca'!G50="","",'Cosa manca'!G50) | AN50: =IF('Cosa manca'!H50="","",'Cosa manca'!H50) | AO50: =IF('Cosa manca'!I50="","",'Cosa manca'!I50) -> Hotel centrale a Edimburgo, vicino a Calton Hill. (Alternativa di alloggio non utilizzata: per il viaggio avete confermato il DoubleTree by Hilton Edinburgh Airport.) | AP50: =IF('Cosa manca'!J50="","",'Cosa manca'!J50) -> +44 131 557 0175 | AQ50: NO | AR50: Bassa | AS50: NO | AT50: 0 | AU50: =IF('Cosa manca'!L50="SI","SI","")
AA51: fc61b043-751a-402b-885b-621cbef5e838 | AB51: =IF('Cosa manca'!C51="","",'Cosa manca'!C51) | AC51: =IF('Cosa manca'!B51="","",'Cosa manca'!B51) -> Attività | AD51: =IF('Cosa manca'!A51="","",'Cosa manca'!A51) -> Castello di Dunnottar | AE51: Facoltativo | AF51: =IF('Cosa manca'!D51="","",'Cosa manca'!D51) | AJ51: =IF('Cosa manca'!E51="","",'Cosa manca'!E51) -> ChIJBUM-uswdhEgRlZgNtFiu9Fc | AK51: https://www.google.com/maps/place/?q=place_id:ChIJBUM-uswdhEgRlZgNtFiu9Fc | AL51: =IF('Cosa manca'!F51="","",'Cosa manca'!F51) | AM51: =IF('Cosa manca'!G51="","",'Cosa manca'!G51) -> ~13 £ (stimato) | AN51: =IF('Cosa manca'!H51="","",'Cosa manca'!H51) -> 09:00-18:00 (tutti i giorni) | AO51: =IF('Cosa manca'!I51="","",'Cosa manca'!I51) -> Rovine di un castello medievale su una scogliera a picco sul mare, vicino a Stonehaven. (Fuori dal percorso pianificato: si trova vicino Aberdeen, lontano dalle altre tappe.) | AP51: =IF('Cosa manca'!J51="","",'Cosa manca'!J51) -> +44 1569 766320 | AQ51: SI | AR51: Bassa | AS51: NO | AT51: 0 | AU51: =IF('Cosa manca'!L51="SI","SI","")
AA52: 8731b9d3-3664-4513-92f3-a9c90ef143a0 | AB52: =IF('Cosa manca'!C52="","",'Cosa manca'!C52) | AC52: =IF('Cosa manca'!B52="","",'Cosa manca'!B52) -> Attività | AD52: =IF('Cosa manca'!A52="","",'Cosa manca'!A52) -> Glenfinnan Viaduct | AE52: Facoltativo | AF52: =IF('Cosa manca'!D52="","",'Cosa manca'!D52) | AJ52: =IF('Cosa manca'!E52="","",'Cosa manca'!E52) -> ChIJtaE4NcmzjkgR5z8-41V_s_c | AK52: https://www.google.com/maps/place/?q=place_id:ChIJtaE4NcmzjkgR5z8-41V_s_c | AL52: =IF('Cosa manca'!F52="","",'Cosa manca'!F52) | AM52: =IF('Cosa manca'!G52="","",'Cosa manca'!G52) | AN52: =IF('Cosa manca'!H52="","",'Cosa manca'!H52) -> Sempre aperto | AO52: =IF('Cosa manca'!I52="","",'Cosa manca'!I52) -> Viadotto ferroviario reso famoso da Harry Potter, con passaggio del treno a vapore Jacobite. | AP52: =IF('Cosa manca'!J52="","",'Cosa manca'!J52) | AQ52: SI | AR52: Bassa | AS52: NO | AT52: 0 | AU52: =IF('Cosa manca'!L52="SI","SI","")
AA53: 2c8a00ae-b5b9-4700-b565-6405308aefcc | AB53: =IF('Cosa manca'!C53="","",'Cosa manca'!C53) | AC53: =IF('Cosa manca'!B53="","",'Cosa manca'!B53) -> Attività | AD53: =IF('Cosa manca'!A53="","",'Cosa manca'!A53) -> Traigh Beach | AE53: Facoltativo | AF53: =IF('Cosa manca'!D53="","",'Cosa manca'!D53) | AJ53: =IF('Cosa manca'!E53="","",'Cosa manca'!E53) -> ChIJZX-C6YQDjEgRSOwgLqXv2xE | AK53: https://www.google.com/maps/place/?q=place_id:ChIJZX-C6YQDjEgRSOwgLqXv2xE | AL53: =IF('Cosa manca'!F53="","",'Cosa manca'!F53) | AM53: =IF('Cosa manca'!G53="","",'Cosa manca'!G53) | AN53: =IF('Cosa manca'!H53="","",'Cosa manca'!H53) -> Sempre aperto | AO53: =IF('Cosa manca'!I53="","",'Cosa manca'!I53) -> Spiaggia di sabbia bianca vicino ad Arisaig, con vista sulle isole di Eigg e Rum. | AP53: =IF('Cosa manca'!J53="","",'Cosa manca'!J53) | AQ53: SI | AR53: Bassa | AS53: NO | AT53: 0 | AU53: =IF('Cosa manca'!L53="SI","SI","")
